제목,조회수,테마키워드,작품 소개,positive,negative,neutral,compound
삼왕의 제자,"1,619.8만",#차원이동#복수#귀환#전쟁#먼치킨#시스템#성장#아티팩트#검사#마법사#이종족#마왕#천마#무공#만능,"하이랭커를 앞둔 플레이어였던 나. 그런 내게... ‘남은 것은... 없다.’ 오직 공허만이 남았을 때. 잃어버렸다 생각했던 시스템 메시지가 들려왔다. [혼돈의 그릇으로 선택받았습니다.] [수락하시겠습니까?] [경고 : 선택 여부에 따라 세계의 멸망이 찾아올 수 있습니다.] 멸망? 내가 할 수 있는 것은 하나 뿐이었다. 꺼져가던 마지막 복수의 불씨. “하... 하아...” 그 불씨을 태우는 것이었다. “수락...한다...” 의식이 사라지고, 다시 그 의식을 찾았을 때 본 것은. “당신들은 누구...” 신마교의 주인, 무왕. 아인하트의 유일 제왕, 검왕. 신마저 죽여 그 신성을 빼앗은 신살자, 마왕. 침범한 세계의 주인들, 삼왕이었다.",0.7769,0.6505,0.3551,0.4259
구원자의 퍼스트 레이디 [19세 완전판],198.3만,#로맨스판타지#타임슬립#재회물#차원이동물#복수물#짝사랑#운명#순정남#카리스마남#능력남#능력녀#사이다녀#상처녀#신분차이#권선징악,"망해버린 결혼 생활에서 탈출하기 위해, 인생을 바꾸려고 했다. 그런데 문제가 조금 있다. “브린, 당신을 원해요. 나의 구원자.” ……꿈속에선 나를 돌 보듯 하던 남편이 이번 생엔 너무 절륜하다. 매일 밤, 숨이 넘어가도록. ******************************** 세상에서 가장 완벽한 남자, 구원자 이단 셰리던. 그의 유일한 흠은, 제국 1등 비호감, 국민 X년인 아내. 브린 셰리던. 그녀는 어느 날 파멸할 예정인 자신의 미래를 보았다. 그리고 그녀의 인생은…… 놀랍게도 아무것도 변하지 않았다. 미래를 안다고 하루아침에 모든 게 변하는 건 아니었으니까. 그렇지만 세상은 그녀에게 두 번째 선물을 주었다. ‘난, 사실 대단한 사람이었구나. 내게 이런 비밀이 있었어.’ 해낼 수 있다는 마음. 비로소 그녀는 결심한다. 가정사, 사업, 그리고 복수, 어쩌면 이혼까지도. 단 하나도 놓치지 않고, 이번 생엔 일류가 되어보자고. 누군가에 의해 짓밟혔던 인생, 그리고 무너졌던 브린. 그런 그녀가 제국 최고의 가진 자, 퍼스트 클래스 레이디가 되어가는 이야기.",0.0325,0.4645,0.0819,0.3534
세상에 나쁜 금쪽이는 없다,364.6만,#로맨스판타지#육아물#성장물#환생물#순정남#왕족/귀족#존댓말남#사차원남#능력녀#엉뚱발랄녀#털털녀#정략결혼#치유물#힐링물,"<스킬 [금쪽이 상태 알림창]을 획득했습니다! 당신의 도움이 필요한 아이의 상태를 보다 정확하게 파악할 수 있습니다.> * 에디스 이레네 브뤼셀에게는 한 가지 비밀이 있었다. 그녀가 바로 빙의를 경험했다는 사실이다. 그녀는 어느 날 갑자기 에디스가 되었다. 그것도 아예 다른 시대, 이름조차 처음 들어 보는 낯선 나라에서! 게다가 남들에게는 보이지 않는 이상한 능력과 함께. 돌아가기 위해 에디스가 선택한 것은 천재 마법사인 공작과의 계약결혼. “나와 결혼하겠습니까?” “네! 좋아요!” 그런데. “웬일이야. 정말 자기가 공작가의 안주인이라도 된 줄 아는 거 아녜요?” “브뤼셀이라. 누구 그 가문에 대해 들어 본 사람 있어요?” 귀족들이 몰락 가문 출신이라고 왕따를 시킨다. '오히려 좋아!' 긍정적으로 생각하고 혼자 다니는데, 사교계 뒤편에서 힘들어하는 아이들과 자꾸 마주친다. < 스트레스 : 130/100 [!!위험!!] > [금쪽이에게 적절한 조치가 필요합니다.] “자작 부인, 아이의 손을 잡아 주시겠어요?” 도저히 두고 볼 수 없어 나섰더니 어느 순간 '해결사'로 소문이 났다. ""공작 부인, 다음주 중에 한번 따로 뵈었으면 하는데요."" ""저도요. 혹시 저희 저택에 와주실 수 있을까요?"" 사교계에서 왕따였던 내가 초대 순위 1위가 된 건에 대하여. * 겨우 달라진 분위기에 적응하는데, 이번에는 남편이 이상하다. ""그런 걸 보통 좋아한다고 말합니까?"" ""아무래도 그렇지 않을까요?"" ""그렇다면 내가 좋아하는 건 당신이 됩니다만."" 세상에, 대체 누가 고백을 그렇게 해요!",0.089,0.3433,0.7381,0.9421
화산파 막내제자가 되었다,544.8만,#로맨스판타지#육아물#먼치킨#성장물#빙의물#무협물#능력남#짝사랑남#능력녀#걸크러쉬#친구>연인#소꿉친구#로맨틱코미디,"언제 어디서 읽은 소설 안에 빙의될지 모르는 대 빙의 시대에 병렬독서는 위험하다. “장문인, 사문 앞에 웬 갓난아기가!” 뽀짝 육아물 로판과 피가 튀기고 의와 협을 부르짖는 무협 소설을 같이 읽은 대가로 무협 육아물이라는 별 혼종에 빙의할 수 있으니 말이다. 심지어 클리셰인 명문 오대세가 막내딸도 아니고 부모도 없이 험난한 산꼭대기 화산파 앞에 버려진 아기라니! “그래, 막내야! 걸음마보다 검을 먼저 휘둘렀다는 전설을 남기는 거다!” “매화! 화산파의 일원이라면 응당 매화를 피워내야지!” 걷지도 못하는 아기한테 검 쥐여 주면서 양산형 전설 만들지 마. “무당파 놈들은 이겨야지, 무당파 놈들은! 우리가 대체 언제까지 천하제일검문은 무당이라는 소리를 듣고 살아야 하냐!” 어른들이 애들 어깨에 과도한 부담을 얹어주면 쓰냐? 심지어 어릴 때 자기 집으로 오라며 나를 살살 꼬시던 남궁세가 도련놈은 다시 만난 나를 알아보지 못하는 건 둘째 치고... “화산의 검은 겨우 이 정도냐? 그 화산파라 기대 좀 했더니, 화산도 별거 아니네.” 너어는 그냥 입을 열지 마라, 하. 앞으로는 한 번에 한 권씩만 읽을 테니까 저 좀 정통 육아물 로판으로 보내주시면 안 될까요? *** 남궁세헌이 덥석 내 양어깨를 붙잡았다. “야, 너...다른 사람이랑 대련하지 마.” “패배의 충격으로 머리가 회까닥 돌았니. 그게 가능하겠냐?” “아, 그런가...” 멍하니 동조하며 고개를 끄덕이던 남궁세헌이 말을 바꿨다. “그러면 다른 사람이랑 대련 끝나고 그렇게 웃지 마.” 느릿하게 눈을 깜빡인 그가 새까만 눈동자로 빤히 나를 내려다보았다. “나 이겼을 때만 그렇게 웃어줘.”",0.7748,0.2858,0.1121,0.5068
태고신왕,173.6만,#선계#천재#노력#성장#천마#도사#술법#곤륜#지존,"천지를 이루는 아홉 은하 구중천과 은하를 가득 메운 성신(星辰)의 힘, 그리고 성신과 소통하여 힘을 얻고자 하는 무명수사(武命脩士)들. 별처럼 많은 힘은 한 곳으로 모이고, 한 소년이 천하를 뒤흔들리라! 오랜 세월 동안 초나라의 창이 되어 황실을 지켜오던 명문세가 진씨 가문의 양자인 진문천은, 뛰어난 선조들과 닮기는커녕 동년배 초나라의 젊은이들보다 나약한 모습을 보여준다. 그러나 언제까지 나약한 소년으로만 있을 수는 없는 법. 또 다른 명문세가인 백씨 가문의 여식 백추설과 혼약을 맺고, 하루하루 수련을 하며 강해지기를 원하던 진문천에게 숙적인 엽씨 가문이 무자비한 손길을 뻗기 시작하는데…… 과연 진문천은 위기에 빠진 가문을 구하고, 사랑을 쟁취할 수 있을 것인가? 그리고 구중천을 흐르는 그 거대한 힘을 온 몸에 아로새길 수 있을 것인가? ",0.8328,0.2904,0.3636,0.9149
임연행,29.5만,#퓨전#선계#복수#마계#성장,"장생불사 선계의 비밀을 담고 있던 도시, 천문진. 그러나 그곳은 6년 전, 원인불명의 사건으로 모든 사람이 죽고 귀신들만 남은 곳이 되어버렸다. 소운은 그 천문진에서 홀로 살아남은 소년이다. 그 역시 ‘그날’의 사고로 시력을 잃었지만, 마을 사람들의 보살핌 속에 건강하고 총명하게 자라난다. 그들이 모두 귀신과 요괴라는 것은 꿈에도 모르고……. 그러던 어느 날, 수수께끼의 고수가 나타나 소운의 평화로운 생활을 뒤흔들어 놓고 소운은 형제처럼 자란 여우 요괴들과 함께 도시로 떠난다. 시력을 되찾기 위해, 복수를 하기 위해, 자신의 기억 속에 감춰진 비밀을 알아내기 위해. “그런데…… 도시에서 공부 한 번 하기가 왜 이렇게 어려운 거야?!” 귀신이 기르고 여우가 가르친 소년의 좌충우돌 파란만장 성장기!",0.2404,0.3041,0.6367,0.8628
무동건곤,758만,#선계#천재#노력#성장#천마#도사#곤륜#지존,"평범한 임씨 집안의 볼품없는 소년인 ‘임동’. 뛰어난 걸 꼽으면 노력과 집중뿐이요, 모자란 걸 꼽으면 열 손가락이 모자라던 소년에게 어느 날 심상치 않은 비밀이 찾아온다. 여느 때처럼 수련을 마친 소년은 동굴에서 신비한 돌 부적의 비밀과 마주하게 되고 돌 부적을 사용하며 지금껏 생각지도 못했던 경지를 이루게 되는데…",0.3325,0.3653,0.3107,0.2826
대하문성,31만,#선계#성장#복수#빙의#환생#망나니#검#도사#회귀,"전생에서 잘 나가던 극작가로 웬만한 시, 문장, 고사성어등은 머릿속에 다 들어 있던 고금명. 그런데 물에 빠져 죽다 살아난, 이세계 무인가문 초명문가의 독자인 고금명의 몸으로 빙의를 한것이다. 유학자로서 업적을 쌓으면 강해지는 독특한 이세계에서 머릿속에 들어있는 시는 한 수 한 수가 천재지변 같은 이상 현상을 부르고 이능의 힘을 발휘한다. 유학자들을 길러내는 대하서원에 들어가 고군분투하는 고금명. 그는 계략과 음모가 판치는 대하제국을 어떻게 바꾸어 갈것인가? ",0.8671,0.22,0.8082,0.1315
[Live]랭킹 1위가 스트리밍 중,140.9만,#착각물#먼치킨#성장물#레이드물#여주판타지#천재#능력녀#무심녀#걸크러쉬#드라마#개그물,"?“헤어지자. 너한테 질렸어.” “...누구세요?” 생일, 초면인 남자에게 차였다. “아까 남자분이 수육 대자 시키셔서, 총 46,000원입니다.” ‘심지어 수육 먹튀? 미친놈인가?’ 흙수저 인생에서도 특히 재수 없는 하루라고 생각했는데... [이름: 유은하] [등급: SS] [랭킹: Earth 4 / Korea 1] 갑자기 헌터물 상태창이 생기고, [현재 잔액: 30,000,003,000원] 통장 잔고가 300억으로 늘어났다. 나는 침착하게 사표를 썼다. *** 아무래도 평행세계의 내가 된 것 같다. 이쪽 세상의 난, 대체 뭘 하고 돌아다녔던 건지. “왜 당신 같은 사람이... 이런 폐가에서 사는 겁니까?” 뭔가 잔뜩 오해한 백발적안의 미남(초면). “언니. …왜 날 버렸어?” 7년 전 헤어진 친동생(초면). “내가 다 잘못했어. 다시 사귀자, 응?” 똥차도 아니고 똥수레인 전남친(초면)까지. 모르는 사람들이 나를 한시도 가만히 두지 않는다. 게다가 이 스킬은 뭐람. [Live] 나 혼자만 라이브가 가능하다. ‘하겠냐?’ [시급: 1억] “할게요.” 랭킹 1위표 던전 독점 송출. 소통 안 함. 캠 없음. 후원 리액션 없음. -여기가 그 유명한 읽씹방송인가요 -아 우리 미리내 상여자라 채팅 같은거 안본다고ㅋㅋ -뉴비가 튜토리얼 270킬? 내가 뭘 본거지(부빗) -너 부비는 사이에 세 명 더 죽음 -엄마 나 커서 미리내가 될래요 [시청자 수: 302,189명] 그런데 왜 인기가 많지. …진짜 뭐지?",0.7777,0.1373,0.546,0.9049
정체를 들키면 퇴학이다,35.2만,#로맨스판타지#캠퍼스물#원나잇#몸정>맘정#까칠남#소유욕/독점욕#왕족/귀족#후회남#절륜남#동정남#외유내강#철벽녀#계약관계#사제지간#신분차이,"뷜헬른 아카데미의 성년의 날. 모르는 남자와 하룻밤을 보냈다. “이름이 뭐지?” “아…….” “버릇이 좋지 않네. 난 누가 만지는 걸 싫어해.” “…….” “내가 만지는 걸 좋아하는지는 몰랐지만.” 신분도 뭣도 모르는 결벽증 걸린 오만한 남자와 하룻밤이라니. 귀족 아카데미에서 이런 종류의 추문은 퇴학의 길로 향하는 지름길이다. 그러나 사람이 죽으라는 법은 없다고, 이 남자 나를 못 알아본다?! “성년의 날 뷜헬른 아카데미에 미의 여신이 나타났다고 다들 성화였어! 어제 널 본 사람들은 다들 네 이야기만 해댔다니까? 심지어 그 콧대 높은 헨들러마저도.” 무슨 연유인지 성년의 날, 모습이 변했다. 그것도 미운오리 새끼 시에라가 고혹적인 여인의 모습으로! 허나 불행은 거기에서 끝나지 않았다. 그 남자가 나를 찾고 있다고? 더군다나 황태자라고? “다 놀랐으면 뒤돌아보지?” 과연 시에라는 무사히 성격 더러운 황태자의 눈을 피해 졸업을 할 수 있을 것인가! “황태자의 처음을 가져가고 시치미를 뗀 기분이 어때?” “히끅!”",0.6425,0.046,0.5503,0.6807
수상한 호구를 주우면,156.5만,#로맨스판타지#재회물#먼치킨#성장물#환생물#여주판타지#소유욕/독점욕#순정남#왕족/귀족#집착남#존댓말남#직진녀#털털녀#로맨틱코미디,"Q. 수상한 호구를 주우면 어떻게 하시겠어요? A. 조금 살펴보다 괜찮으면 남편감으로 가르쳐야죠. Q. 위험한 사람이면 어쩌려고요? A. 괜찮아요. 제가 더 강해요. 집 뒤뜰에서 어딘지 위험하지만 호구미가 넘치는 수상한 남자를 주웠다. 비상식적이고 세상 물정을 모르는 사람인데 외모만은 근사했다. 짐승 같은 남자를 어르고 달래 사람답게 만들고, 더 나아가 취향에 맞게 길들였다. 미래의 남편감으로 완벽하게 교육해놨더니, 얼마 뒤 이 남자를 찾아온 사람들이 대단해 보인다. “모시러 왔습니다, 형님.” 아무래도 내 호구의 신분이 심상치 않다. 얽히면 귀찮아질 게 뻔하니……. 아깝지만 이 남자는 버려야겠다. *** 텅 빈 집을 본 순간 제이든은 알아차렸다. 엘라이나가 떠났음을. [제이든, 그곳에서 잘 지내요. 당신을 애인으로 받아 줄 수 없어요.] 믿고 싶지 않던 편지의 내용이 현실이 되었음을. 그녀가 자신을 버렸다는 걸 인식하자 심장이 쿵쿵 울렸다. 제이든은 소파에 놓인 담요를 다급하게 어깨에 둘렀다. 평소 추위를 느끼면 엘라이나가 덮어주던 물건인데 그때만큼 따듯하지 않았다. 서늘함만 더 가중되었다. 엘라이나가 없는 세상은 이리도 차가웠다. ‘도대체 왜 날 버렸을까?’ 아니, 이런 생각을 할 필요 없었다. 그게 어디든. 무슨 이유로든. 헤어질 수 없었다. 엘라이나의 옆이 자신이 있을 곳이니까. 버려진다면, 쫓아가서 붙잡아 두면 그만이다.",0.7234,0.7107,0.7806,0.1299
취무교,"4,442",#정통#복수#노력#성장#창,"“아버지, 저는 무공을 익힐 수 없는 건가요?” 무공을 익히지 못하는 주도일. 하지만 그가 무림을 흔든다!",0.4571,0.3791,0.6881,0.1198
너만 유일한 가이드가 아니었다,22.8만,#로맨스판타지#가족후회물#복수물#회귀물#상처남#왕족/귀족#존댓말남#대형견남#능력녀#외유내강#사이다녀#상처녀#계약관계#쌍방삽질,"가이드가 단 한 명뿐인 세계. 여동생인 아일라는 바로 그 ‘선택받은 사람’이었다. 유레인은 가문에 조금이라도 보탬이 되기 위해, 아일라를 물심양면으로 도와왔다. 그런데, “……언니. 항상 나를 보살펴 주고, 신경 써 주고. 전 그런 게 너무 별로였거든요.” 뭐……? “꼭 거지에게 적선해 주는 것 같아서.” 나는 믿었던 아일라에게 독살당했다. 그리고 회귀했다. 회귀한 다음에 알게 된 건, 자신이 이 세계에 환생했다는 것. 그런데……. 은은한 빛이 유레인의 손바닥에 피어올랐다. ‘나……, 가이드인데?’ 세상에 가이드는 한 명뿐인데, 내가 가이드로 각성한 것 같다. *** “제 옆에 있으면 당신은 불행해질 겁니다.” “하하, 불행이요?” 자르칼이 눈을 크게 뜨자, 유레인은 그의 손을 잡아끌고 자신의 쪽으로 힘껏 당겼다. 그녀의 마력이 자르칼의 마력과 공명하기 시작했다. 붉은 입술이 느슨히 벌어지며 묘한 분위기를 풍겼다. “당신의 옆에 있어 내가 불행해진다면, 그 불행을 부수어서 행복을 찾을 거예요.” ",0.8676,0.2275,0.1224,0.204
가장 충만한 파괴에 관하여,7.1만,#로맨스판타지#오해물#재회물#짝사랑#까칠남#능글남#다정남#왕족/귀족#후회남#순정녀#상처녀#짝사랑녀#정략결혼#신분차이#신파,"미의 화신이라 불리는 이사벨과 비교되어 가문 내에서 천덕꾸러기 취급을 당하는 불쌍한 헤젠느. 아비와 계모에게 갖은 구박을 받으며 비참하게 자라오던 어느 날, 각별한 친우라 생각했던 이사벨이 은밀한 부탁을 건네온다. 바로 이사벨 본인의 하녀인 척 위장하고 이안 대공과의 밀회에 대동해 달라는 것. 오랫동안 이안 대공을 짝사랑했던 헤젠느는 그 요구를 거절하려 했으나, 한 번만 더 그를 보고 싶은 마음에 결국 이사벨의 제안을 받아들여 밀회 장소에 발을 들이게 된다. 하지만, 이안은 밀회의 장소마다 따라붙으며 로브를 턱밑까지 뒤집어쓴 음침한 헤젠느를 매번 눈에 거슬려 한다. “지금 머리에 쓴 로브를 벗으라는 내 말이 들리지 않는 것이냐.” “…어, 어찌하여 로브를 벗으라… 하십니까….” 이안이 어이없는 웃음을 토했다. “목소리 한번 듣기 참으로 비싼 계집이구나.” 이 일을 계기로 하릴없이 가라앉던 짝사랑의 행방은 물론 헤젠느의 운명까지도 커다란 국면에 접어들게 되는데…….",0.7034,0.8101,0.029,0.9115
대공비의 품격에 대하여,133만,#로맨스판타지#오해물#재회물#짝사랑#까칠남#능글남#다정남#왕족/귀족#후회남#순정녀#상처녀#짝사랑녀#정략결혼#신분차이#신파,"미의 화신이라 불리는 이사벨과 비교되어 가문 내에서 천덕꾸러기 취급을 당하는 불쌍한 헤젠느. 아비와 계모에게 갖은 구박을 받으며 비참하게 자라오던 어느 날, 각별한 친우라 생각했던 이사벨이 은밀한 부탁을 건네온다. 바로 이사벨 본인의 하녀인 척 위장하고 이안 대공과의 밀회에 대동해 달라는 것. 오랫동안 이안 대공을 짝사랑했던 헤젠느는 그 요구를 거절하려 했으나, 한 번만 더 그를 보고 싶은 마음에 결국 이사벨의 제안을 받아들여 밀회 장소에 발을 들이게 된다. 하지만, 이안은 밀회의 장소마다 따라붙으며 로브를 턱밑까지 뒤집어쓴 음침한 헤젠느를 매번 눈에 거슬려 한다. “지금 머리에 쓴 로브를 벗으라는 내 말이 들리지 않는 것이냐.” “…어, 어찌하여 로브를 벗으라… 하십니까….” 이안이 어이없는 웃음을 토했다. “목소리 한번 듣기 참으로 비싼 계집이구나.” 이 일을 계기로 하릴없이 가라앉던 짝사랑의 행방은 물론 헤젠느의 운명까지도 커다란 국면에 접어들게 되는데…….",0.8649,0.1005,0.1393,0.8069
피폐물 남주들의 집착이 곤란하다,38.6만,#로맨스판타지#빙의물#회귀물#역하렘#순정남#후회남#능력남#계략남#집착남#능력녀#걸크러쉬#집착녀#악녀#사이다녀#로맨틱코미디,"피폐물 소설 속 악녀에 빙의했다. 원작과 엮이지만 않으면 괜찮을 줄 알았건만……. [남주들의 집착 때문에 줄리에타가 폭주했습니다. 그로 인해 제국이 멸망하여 RESET POINT로 이동합니다.] 멘탈이 나간 여주인공이 자꾸 제국을 멸망시킨다. 그리고 나는 반복되는 회귀 끝에 중요한 사실을 깨달았다. 그래. 눈에는 눈. 이에는 이. 집착에는 집착. 그러니 남주들을 집착으로 갱생시켜서, 제국의 멸망을 막는다. *** 나의 눈물겨운 희생으로 집착 남주들이 갱생된 줄 알았으나……. “아리아드네, 이곳에서 한 발자국도 나가지 마라.” “아리아, 나도 너를 구속해 보고 싶은데.” “주인님, 왜 예전처럼 집착해주지 않으시나요? 저 서운하게.” 남주들이 한 바퀴 더 돌아서 이제는 내게 집착하기 시작했다. 심지어 마탑주라는 통제 불능의 미친놈까지 딸려왔다. “아리아, 내가 그놈들 다 죽여줄까?” 마탑주가 나를 보며 살벌하게 미소 지었다. 하하, 아무래도 이번 회차도 망한 것 같아요……. ",0.8974,0.9033,0.55,0.6058
기사아카데미의 기사단 소환사,57만,#먼치킨#천재#검사#마법사,"300년 만에 환생한 전설의 기사, 라인 레인먼드. 폐급이 된 기사단을 부흥시키기 위해 아카데미에 입학한다. 그런데, ""은빛 사자 기사단의 말석, 넬슨 일레인. 다시 한번 단장님께 인사드립니다.” 300년 전의 기사단원들이 따라왔다?",0.9239,0.0908,0.8593,0.8632
오피스 트러블,151.9만,#아포칼립스#시스템#성장#총#초능력,"<장야여화 : 기나긴 암흑 속의 잔 불꽃> 「 멸망의 끝에서도 희망을 추적하라. 긴긴밤, 어둠에도 잠들지 않는 불꽃처럼. 」 구세계가 무너진 후, 전과는 다른 세상이 깨어난다. 혼란한 세상 속, 구세계 파괴 원인을 조사하기 위해 팀 하나가 꾸려지고……. “우리는 여러 상황을 맞닥뜨리고, 또 다양한 적을 만나게 될 거야.” 진정한 신세계를 찾으려는 팀장 장목화부터 인류를 구원하려는 각성자 성건우, 황야를 누비던 유적 사냥꾼 출신 백새벽, 그저 안정된 삶을 꿈꾸는 용여홍까지. 그들은 함께 황야를 누비며 드디어 말로만 듣던 세상과 마주한다. 다시 같은 실수를 반복하지 않으려면, 반드시 구세계가 무너진 원인을 찾아야 한다. 햇볕이 번지는 진정한 하늘 아래, 구조팀원들은 진실을 움켜쥘 수 있을까. ",0.0216,0.0329,0.4106,0.1289
장야여화,11.8만,#게임#성장#빙의,"가디언즈의 1위 랭커이자 가장 큰 길드의 마스터였던 고인물 중의 고인물 지훈. 가디언즈의 서비스 종료와 함께 정신을 잃고 눈을 떠 보니 게임 속 세상이다. “아직도 정신을 못 차렸군.” 퍼억! 강렬한 충격이 복부 깊숙이 파고들며 지훈은 자신의 새로운 이름을 깨닫는다. 아벨? 내가 정말 아벨이라고? 하지만 이름만 같을 뿐, 자신의 빙의한 것은 게임 캐릭터 아벨이 아니다. 왕초의 명령에 따라 구걸을 다녀야 하는 부랑자 아이. 그게 자신의 모습이었고, 심지어 이 세상은 자신의 기억과 다르게 흑마법사에 의해 멸망을 당한 상태다. 인간이 산채로 재물로 바쳐지고 생체실험의 대상이 되는 일이 비일비재한 곳. 흑마법사에게 머리를 조아리지 않으면 버틸 수 없는 세상. 그곳에서 아벨이 마지막 희망을 발견한다. [현재 계승율 : 0%] 과연, 아벨은 망겜 속 수호자로 성장해 나갈 수 있을까?",0.2062,0.3056,0.0928,0.3595
나는 패왕이다,77.3만,#선계#복수#천재#노력#성장#명문세가#검,"몸 안의 성력(별의 힘)이 어느 정도 수준인지가 그 사람의 성장 잠재력으로 여겨지고 있는 세계. 성력은 1에서 9성까지 있으며 별이 많을 수록 잠재력이 높다. 18세 주인공 항소운은 비천한 무공 수준이지만 5성의 잠재력을 보유하고 있다. 잠재력을 믿고 '무당전'이라는 명가의 문을 두드렸으나 문전박대를 당한다. 그러나 그의 잠재력을 알아본 장로로 인하여 결국 무당전에 입성을 하게 되고, 남다른 잠재력으로 빠르게 성장한다. 사실 항소운은 10년 전 막강한 세력에 의해서 붕괴된 가문의 사람이었고, 그 사건으로 무공을 모두 잃었던 것. 그런 항소운이 다시 무공을 수련하는 이유는 가문의 복수를 하기 위함이었다. 항소운에게 주어진 시간은 10년. 10년 안에 항송운은 다시 무공을 끌어올려 가문의 복수를 해야만 한다.",0.9549,0.6659,0.8196,0.1785
백수의 왕,"9,854",#먼치킨 #헌터 #던전 #게임시스템,백수(百獸)의 왕이 나타났다!!!,0.7535,0.9332,0.8347,0.4695
쇼스타코비치왈츠2번 [19세 완전판],8,#계약관계#재회물#재벌남#절륜남#후회남,“어디로 간다고?” . . “깼어요? 미안해요. 가평으로 가요.” 엠티를 어디로 가냐는 질문은 이번이 두 번째였다. 하지만 세준은 워낙 바쁜 사람이니 충분히 그럴 수 있었다. 같은 질문을 한 번 더 한다고 해도 연아는 이해할 수 있었다. . . 침대에 다시 누우려던 세준은 자신이 연아의 전화번호를 아직 모른다는 사실을 머릿속에 떠올렸다. 물론 알고자 하면 얼마든지 알 수 있었지만 알고자 한 적이 없었다. “내 전화번호는 알아?” “……알 수 있어요.” . . “전화번호 눌러.” “아…… 네.” 그녀는 자신의 이름을 무엇으로 저장할지 잠깐 고민하다가 ‘평창동 채연아’라고 적어 넣은 뒤 마지막으로 저장 버튼을 눌렀다. 결혼한 지 두 달이 지난 아침이었다.,0.8304,0.9695,0.4464,0.2732
만렙요원 : 재벌이 되다,18.5만,#경영/기업#전쟁#재벌#복수,"대한민국 특작부대 팀장 한신 뛰어난 신체 능력은 물론 명석한 두뇌까지 갖춘 최정예 전투병. 동생의 복수를 위해, 재벌가 일원이 되었다. “내 동생, 죽인 새끼는 다 죽는다.”",0.4596,0.7012,0.7007,0.3315
철혈의 올마스터로 강림했다,301.1만,#게임#정통#생존#빙의#성좌#먼치킨#시스템#천재#노력#성장#조력자#고인물#검사#마법사#만능,"무궁무진한 가능성을 지녔지만 대륙 공적이 될 운명의 캐릭터에 빙의했다 『철혈의 올마스터로 강림했다』 [‘혈기’가 부족해서 생명력이 감소합니다!] [인간의 피를 채취하여 혈기를 연성하십시오!] 거기에 힘을 합쳐 마황을 토벌할 동료들마저 이미 백골이 되어 버린 절망적인 상황인데 믿을 건 오로지 고인물로서의 경험과 과거의 용사들이 남긴 유산뿐 [업적 효과로 <블러드 링크>가 해금됩니다!] [해금 스킬 : 흑광신검, 무영창, 기탄 생성…….] “성좌든 마황이든 다 씹어 먹어 주마.” 철혈의 권능과 압도적인 재능으로 멸망의 시나리오에서 세계를 구원할 역대급 혼종, 루스 프리드의 강림이 시작된다!",0.0985,0.6978,0.2584,0.499
북부로 간 왕녀가 깽판침,286.7만,#로맨스판타지#오해물#성장물#여주판타지#짝사랑#운명#남장여자#츤데레남#대형견남#조신남#엉뚱발랄녀#걸크러쉬#사이다녀#정략결혼#로맨틱코미디,"[대공, 우리 이제 결혼할 때 됐어.] [싫습니다.] [대공, 일단 한번 만나서 얘기라도 하자.] [싫습니다.] [대공, 그럼 파혼이라도 하자!!] [싫습니다.] 10년째 약혼 상태인 왕녀 세르빌리아와 루시안 페르네스 대공. 대공은 지난 10년간 왕녀를 만나주지도 않고, 결혼도 안 하고, 그렇다고 파혼도 안하고 버티고 있다. 열받은 세르빌은 제 괴상한 약혼자와 담판을 지으러 직접 머나먼 북부까지 행차했다. 그러나 어떻게 해야 지난 10년 동안 해주지 않은 파혼을 받아낼 수 있을까? “저하, 도대체 무슨 꿍꿍이십니까?” “난 그대와 더럽게 얽히고 싶어.” 세르빌은 한쪽 눈을 찡긋하며 허공에 키스를 날렸다. ...그러니까, 그녀는 북부에서 깽판을 치기로 했다. 주어진 시간은 단 15일. *** “그때 내가 한 말은 다 거짓말이야. 그대를 꼬셔보겠다고 늘어놓은 허풍이라고.” “제가 잘생겼다고 하지 않으셨습니까?” “그건……사실이지만."" “제가 귀엽다고도 하셨습니다.” “잘도 그대로 따라하는군.” “예. 아주 나쁜 선생님께 배웠습니다.” 루시안이 그녀와 눈을 맞추어 온다. 세르빌은 자신이 했던 모든 나쁜 짓을, 그대로 되돌려받게 될 것이란 불길한 예감에 휩싸였다.",0.0434,0.6853,0.0721,0.5795
던전 & 커맨더,"9,216.1만",#레이드#먼치킨#시스템#천재#노력#성장#검사#마법사#격투가#마검사#대장장이/생산직#포식/흡수#이능력#초능력#네크로맨서,"2023년, 지구에 출현한 던전과 몬스터는 재난이었다. 하지만 이에 맞설 수 있는 능력자 레이더가 나타나면서 인류는 새로운 희망으로 꿈틀거린다. 레이더로서의 능력은 전무한 김준은 던전에서 행방불명된 아버지를 찾기 위해 레이더를 돕는 일꾼이 되어 던전 생활을 시작하는데... 무능력자 케리어에서 레이더 위의 레이더, 커맨더로 재탄생하기까지 악발이 김준의 일대기가 지금 펼쳐진다! <소천전기>, <타메라 곤>, <TGP1>의 작가, 현민. 그의 새로운 전진과 함께 바로 이 작품이 탄생했다! 근미래의 던전에서 펼쳐지는 퓨전판타지 <던전 & 커맨더>",0.9099,0.9271,0.5441,0.2692
신귀환생,202.2만,#환생#성장#천재,"천재 위의 천재, 하늘 위의 하늘. 전무후무한 사파의 귀재, 천무신귀 사우명. 너무도 빼어난 재능 때문이었을까? 마교와 스승에 의해 제거된 그가, 용명상가의 장자 천우하로 환생했다. “이번 생은 조용히 살아보고 싶구나.” 하지만, 천재마저 둔재로 만들어버리는 그의 재능은 좀처럼 숨겨지질 않는다. 잠잠한 하늘을 건드린 이, 재앙이 무엇인지 알게 되리라.",0.2713,0.6083,0.5097,0.4826
벨라의 비밀 레시피에 복수를 추가합니다,"5,150",#로맨스판타지#빙의물#복수물#운명#다정남#상처남#카리스마남#후회남#직진남#능력녀#외유내강#상처녀#신분차이#삼각관계#치유물,"죽어서도 영혼이 되어 딸의 곁에 머물고 있던 언니, 수잔. 성공을 위해 떠났지만 죽음을 앞두고 돌아온 동생, 벨라. 쌍둥이 자매는 10년 만에 재회하지만 동생의 영혼은 죽음의 땅으로 떠나고 만다. 그 슬픔을 안고, 물의 정령사 수잔은 불의 정령사였던 동생의 몸으로 환생한다. “네 안에 내가 살고, 내 안에 네가 살 거야.” 수잔은 벨라가 되어 딸에게 돌아간다. 두 정령의 힘을 갖게 된 벨라는 자신들을 죽음으로 내몬 자들에게 복수하기로 결심한다. “그대가 날 도울 일이 있는지 궁리해 보겠다.” 어느 날 운명처럼 만난 카일. “다시 그때로 돌아가 너와 춤을 출 수만 있다면…….” 잔인하게 첫사랑 수잔을 버렸던 제롬. 벨라는 점차 진정한 정령사로 각성하고, 드디어 제국을 뒤흔들 엄청난 비밀을 마주한다.",0.319,0.3569,0.104,0.2808
괴도천마,10.7만,#퓨전#환생#생존#천재#노력#성장#천마#마교#검,"마교의 소교주와 쌍둥이처럼 닮은 뒷골목 소매치기. 대역으로 실컷 부려지다 토사구팽 당한다. '그래, 이럴 줄 알았다. 엿이나 처먹어라! 빌어먹을 마구니들아!' 동귀어진을 감행하고 다시 눈을 떴을 때. [빌어먹을. 네게 뭘 가르치면 좋을지 생각해봐야겠구나. 이제 네가 소교주니까 말이다.] 웬 시커먼 귀신이 머릿속에 들어와 있었다. '십만대산에서 탈출해야 돼!' 살아남아야 한다. 마공이라곤 일초반식도 모르는 주제에, 소교주 자리를 차지한 소매치기로서.",0.2726,0.3562,0.4498,0.9449
반역자는 왕이 되기로 했다,11.2만,#로맨스판타지#라이벌/앙숙#복수물#먼치킨#능력녀#집착남#계략남,"반역자로 태어나 평생을 죄인으로 살아온 바베리 랭스. 그녀는 백 년 만에 나타난 드래곤 ‘쿠르’를 물리치며 영웅이 되지만, 티리스의 왕 글록의 배신으로 한국인 유채영의 몸에 유폐된다. 2년 후. 유채영의 삶에 완벽하게 적응해 살아가던 바베리는 난데없이 원래의 세계로 소환되고, 부활한 드래곤을 물리쳐 달라는 뻔뻔한 요구를 받게 되는데…… “도마뱀 먹이나 되셔.” 난 몰라! 배 째! 드러눕고 보니 생각할수록 괘씸하다. 평생을 비참하게 살아온 날 이용하고 배신한 자들, 다시 행복하게 살 수 있는 기회마저 빼앗아 간 자들에게 복수하고 싶다. 왕이 되어 짓밟아 주고 싶다. 그런 바베리 앞에 쿠르가 나타나 제안한다. “동맹을 맺자. 그럼 내가 글록을 죽여주지.” 자기 가슴에 구멍을 뚫어 놓은 사람에게 손을 내민다고? 뻔해. 배신하려는 거겠지. 눈 뜨고 당할까 보냐. 경계를 늦추지 않겠노라고 생각했는데…… “어지간히 어지럽혀라, 폐하. 치우는 사람 입장도 생각해.” “너 사람 아니잖아.” 왜 청소 가지고 실랑이를 벌이는 사이가 됐지?",0.892,0.9328,0.6229,0.5043
흑막들과 한집에 살고 있습니다,27.3만,#로맨스판타지#동거물#빙의물#첫사랑#운명#역하렘#인외존재#직진남#왕족/귀족#집착남#걸크러쉬#사이다녀#다정녀#계약관계#로맨틱코미디,"남의 일인 줄만 알던 빡세게 살다가 과로사 엔딩. -이대로 죽기엔 아쉽지 않나요? 그대에게 한 가지 제안을 하러 왔어요. 그렇게 신과 계약 후 몰락한 귀족인 ‘발레리 헤스티아’에 빙의해서 이세계에서 셰어하우스를 운영하게 되었다. 1년 동안 모든 입주민의 만족도를 100%로 달성하면 금수저로 환생시켜 준다는 아주 간단한 거래라고 생각했는데. ‘나 설마 지금 고어물 세계에 취직한 건가.’ 셰어하우스 운영자란 원래 이렇게 극한 직업인 걸까? ‘인간형 몬스터'라는 괴상한 존재로도 모자라 정원 한가운데에 뿌리를 내린 다 죽어가는 고목나무 한 그루도 수상하고. 게다가 겨우 모은 입주민들의 상태가 어딘가 이상하다. “저 나무, 내가 아는 나무 같은데.” “…네?” “발레리 씨, 내 용사 해 볼 생각 없어요?” 나무 핑계를 대며 날 용사로 고용하지 못해 안달인 정체불명의 또라X부터. “이 나무, 아니 저택을 제게 파시지 않겠습니까?” “…이렇게 갑자기요?” “백지 수표라도 드리겠습니다.” 틈만 나면 저택을 노리는 연구원(=나무 숭배자)으로도 모자라, “집주인, 내가 찾고 있는 사람이랑 특징이 비슷한데.” “찾고 있는 사람이요? 설마 범죄자인가요?” “걱정 마. 죽이지는 않을 거야.” 호시탐탐 나를 검거하지 못해 안달인 양아치 경찰까지. *** 더 큰 문제는 이들이 입주한 뒤부터 이상한 사건이 자꾸 터진다는 점이었다. 이렇게 대놓고 수상한 입주민놈, 아니 입주민님들을 데리고 셰어하우스를 무사히 끝까지 운영할 수 있을까? 모르겠다. 일단 입주민들 절대 지켜…!",0.8314,0.4454,0.2795,0.3268
첫 번째 뉴스입니다,13.9만,#현대로맨스#드라마#전문직물#라이벌/앙숙#재벌남#까칠남#상처남#능력녀#엉뚱발랄녀#상처녀,"“이거, 무슨 자립니까? 외압입니까?” BNS 9시 뉴스 앵커 한승하. KN 그룹의 기업 비리 보도를 앞두고 부모님의 성화에 못 이겨 상대도 모르고 나간 맞선. 맞선 상대가 KN 그룹의 차남, 주현우라는 사실을 알았다면 절대 나가지 않았을 것이다. “KN 그룹이 고작 당신이 내뱉는 몇 마디에 조금의 타격이라도 받을 거라고 믿는 겁니까? 순진한 겁니까? 아님, 낭만적인 겁니까?” “뉴스는 저 살자고, 그냥 돈 벌자고 하는 일이 아니에요. 주현우 씨야 말로 아직 세상 물정을 모르시네요.” 그의 협박에도 소신을 밝히고 자리를 박차고 나온 승하. 부모님까지 이용하는 KN의 계략에 치를 떨며 전투력이 상승한다. 드디어 KN그룹의 뉴스가 보도되는 날. “뉴스, 내보내세요.” 비장한 승하의 앞에 BSN 보도국의 새 본부장이 되어 나타난 현우. “우리가 이렇게 만나지 않았다면…… 지금 내가 망설일 필요도 없었겠죠?” 진실만을 전하는 승하. 점점 현우의 진심이 궁금해지는데. 과연 그녀의 뉴스는 온전히 전해질 수 있을까?",0.236,0.5084,0.0961,0.6415
황제의 에로스,13.4만,#달달물#능력녀#엉뚱발랄녀#순진녀#다정녀#먼치킨#로맨스판타지#운명#인외존재#다정남#상처남#카리스마남#능력남#집착남#냉정남,"“내게 황비란 없어. 오로지 황후뿐이다.” 그러니까 결혼에는 신중한 게 당연하잖아? 진정한 사랑을 찾는다는 핑계를 대며 결혼을 거절하는 아이브리아 제국의 황제 루카스. 손이 귀한 아이브리아 제국의 위기를 해결해 주기 위해 에로스의 사자 로즈데일이 나섰다! 그런데, 사랑의 화살을 맞고도 왜 별 반응이 없는 거지?",0.7525,0.8087,0.3567,0.0731
목표는 엔딩 요정,34만,#성장#가수#시스템#방송#빙의,"전직 FPS 프로게이머, 서단아. 그녀가 빙의한 게임은 다름 아닌 ‘아이돌 육성 시뮬레이션’이었다. 아무래도 이 게임의 엔딩을 봐야 현실로 돌아갈 수 있는 모양인데... >>> 중요! ▶ 메인 이벤트 START! : HON 엔터테인먼트에서 진행하는 자체 데뷔 서바이벌 프로그램에 참가하세요! > 남은 시간: 45:23:03",0.6432,0.9508,0.27,0.5348
세자빈에서 기생이 되었다,37.5만,#동양풍#성장물#복수물#회귀물#운명#후회남#계략남#집착남#외유내강#상처녀#신파,"“결국 저는 궁으로 다시 돌아갈 것입니다. 그리고 보여 줄 것입니다. 나를 해하려 한 대가를…….” 조선에서 가장 존귀한 여인이었다. 정치적 음모에 의해 폐비가 되기 전까지는. 그녀를 서서히 옥죄어 오던 계략으로 혜인은 세자빈에서 폐비가 되었고, 또 노비에서 천하디천한 기생이 된다. 운명의 장난일까. 아니면 중전의 피를 타고난 것일까. 조선 최고의 기녀가 되어 자신의 모든 걸 되찾겠다는 그녀의 바람은 현실이 된다. 결국, 그녀는 자신을 버린 세자를 폐廢하고 기생의 신분에서 벗어나 모든 걸 되찾고 스스로 중전의 자리에 오르게 되는데……. ",0.9483,0.2556,0.9735,0.42
신녕궁주전,37.8만,#궁정로맨스#동양풍#성장물#암투물#운명#왕족/귀족#카리스마남#능력남#절륜남#오만남#능력녀#외유내강#나이차커플#신분차이#드라마,"평생을 궁녀로 살아가리라 생각하고 있었다. 궁녀로서 인정받고, 상궁으로서 가장 높은 자리까지 오르고 싶다고. 그저, 그뿐이었는데. “너는 내 사람이다.” “내가 너를 후궁이 되도록 도와주마.” 우연한 일로 왕과 왕비의 눈에 띄게 된 순간, 모든 것이 바뀌었다. “주상을 연모하느냐?” “신녕, 전하를 연모하는가?” 그는, 남편일까 왕일까. 그에게로 향하는 마음은 어떻게 갈피를 잡아야 하지? * * * 혼란스러웠던 조선 초기의 내명부. 생존과 사랑을 위한 후궁들의 권력 다툼, 그리고 역사의 소용돌이 속에 발을 들여놓게 된 어느 한 궁녀의 이야기ㅡ ",0.6391,0.5956,0.3215,0.0406
"대공님, 한 입만 드셔 보세요!",41.8만,#로맨스판타지,"서울 유명 호텔의 4년차 요리사 민도연. 평소처럼 출근하다가 그대로 소설 속 세상에 빙의된다. 그것도 독살당해 죽게 되는 불운의 엑스트라, 대공 부인 ‘비비안’의 몸으로. 독살 원인은 음식. 죽음을 피하고자 그녀는 모든 음식을 스스로 만들어 먹기로 하지만, “주방에 들어갔다고? 꼭 그렇게 천박하게 굴어야겠나?” 냉혹한 북부 대공 리온은 그런 그녀를 무시하기 일쑤. 한편, 소설 속 세상과 서울 호텔의 냉장고가 연결되어 있어 식재료를 마음껏 이용할 수 있다는 사실을 알게 된 비비안. 빙의의 충격은 덮어 두고 실력 발휘를 해 보기로 했다. “오늘은 새로운 음식을 맛보여 줄게요. 다들 기대하셔도 좋아요.” 냉기만 흐르던 북부의 저택에 먹음직스러운 음식 냄새가 감돌기 시작했다. 게다가. “왜… 맛이 있는 거지?” 그녀가 만든 요리로 인해 십 수 년 가까이 죽어 있었던 리온의 미각이 별안간 되살아나 버렸다! “…당신뿐이야.” “……?” “내가 맛을 느끼는 건, 오직 당신의 손으로 만든 요리뿐이라고.” 리온이 집착남인 건 맞는데… 뭔가 그 대상이 잘못됐다. 네가 집착해야 할 건 여자라고, 음식이 아니라! *** “당장 먹고 싶어.” “네?” 파르르 떨리던 입술이 슬며시 벌어졌고, 리온은 이내 힘겹게 소리를 내뱉었다. “…라면.” 대답을 들은 비비안의 입가에 회심의 미소가 걸렸다. 역시나 맵고 얼큰한 맛이 일품인 한국의 라면은 척박한 북부를 장악한 대공을, 여간해선 감정을 드러내지 않는 리온 로흐베르거 에스테르의 마음을 완벽히 사로잡았다. “금방 끓일게요. 옷 갈아입고 만찬실로 와요.” 그녀는 알까. 섭식을 거추장스럽게 여겨 온 에스테르 대공이, 음식 보기를 돌같이 해 온 에스테르 대공이 그녀가 만든 음식이 너무 먹고 싶어 돌아 버리기 직전이라는 사실을. 그 생각만으로도 입가에 미소가 걸린다는 것을. “아주 만족스러운 밤이었어. 내 평생에 그렇게 황홀한 밤은 처음이야.” “…….” “잊혀지질 않는군. 배 속을 가득 채운 따뜻한 온기와 혀에 닿았던 부드러운 감촉이.” “…….” “다음엔 또 뭘 해 줄 거지? 난 뭐든 다 감당할 수 있어.” “…주어 좀 넣어서 말씀해 주실래요? 누가 들으면 오해하겠어요.”",0.5861,0.5628,0.4878,0.8326
던전 장의사,87만,#성장#레이드#네크로맨서#생존#아티팩트#시스템,"던전에서 죽은 시신을 수습하며 생계를 연명하던 요한에게도 능력이 생겼다. 시신을 수습할수록 강해지는 능력. “이게 무슨 말도 안 되는 능력이야.” 말도 안 되는 소리로 치부하려고 했지만 이게 웬 걸, 세상은 넓고 던전에서 죽은 시신은 너무 많다. F급 트레이서 팀을 배신한 배신자 씌워진 오명에서 이제는 벗어날 때가 됐다.",0.7998,0.1402,0.1542,0.475
슬기로운 대궐 생활,3.6만,#대체역사#천재,"한국전쟁이후 대한민국을 글로벌 브랜드로 성장시킨 천재기업인이었다. 환생해 보니, 조선 정조의 아들이라고! 이제 조선은 그의 손에서 세계 최강이 된다. 더 그레이트 조선. 해가 지지 않는 나라.",0.9822,0.8013,0.7492,0.8844
행운빨로 레벨업,692.7만,#게임#방송#먼치킨#천재#성장#검사#마법사#초능력#만능,"어렸을 때부터 행운을 보는 능력을 타고난 백현. 그가 가상현실 게임 월드 사가에 접속한 순간. -띠링! [행운의 무지개 스킬을 획득했습니다.] [무지개의 색으로 운을 점쳐보세요. 운이 나쁠 수록 붉은색에 가깝고, 운이 좋을수록 보라색에 가깝습니다.] 운빨이 터져나오기 시작했다.",0.6463,0.6347,0.8908,0.7045
천마는 무공을 복사한다,785.8만,#복수#빙의#노력#성장#천마#마교#명문세가#협객,"누구보다 노력했다. 하지만 삼류의 삶에 노력은 의미 없었고. 난 내 삶에 주인공이 아니었으매. 그 끝은 결국 살수에게 죽는 것으로 귀결되었다. 그렇게 내 모든 것이 끝나던 어느 날, 내게 천마신교의 악몽이 깃들었다. '한번 본 무공도 따라 할 수 있다고…?' 악에 받친 삼류 정파인의 초대(初代) 천마행(天魔行)에 관한 기록기.",0.3093,0.0647,0.6801,0.3072
이 세계 텃밭 재료로 천재요리사?!,3.9만,#경영/기업#먹방/요리#천재#노력#성장#조력자#요리사,"안방 지하실에서 발견한 '이 세계 텃밭' 텃밭의 재료로 요리를 해 보았다. ""....뭐지? 이건?""",0.4021,0.0352,0.5022,0.2782
이성계가 한반도를 팔아치움,7.5만,#대체역사#전쟁#생존,"여말선초. 모든 백성을 데리고 아메리카로 대이주? “이것은 해볼 만하다!” “불가능!” 미친 짓이라는 것을 아는 김승후는 반대를 외쳤지만, 현대인 김승후와 고려인 이성계의 사고방식은 차원이 달랐다. “가능.”",0.007,0.2526,0.1312,0.5133
망겜 속 야만전사,87.4만,#게임#빙의#고인물#생존,"30대 배불뚝이 회사원. 잠들었다 눈 뜨니 온몸이 흉기인 야만인이 되었다! 온통 뒤통수 치고, 남 등쳐먹으려는 놈들뿐인 망겜 ‘미들랜드 퀘스트’. 악질 판타지 세계에서 그가 살아가는 법.",0.484,0.6177,0.7049,0.1694
약먹는 천재마법사,"1,989.5만",#게임#차원이동#빙의#먼치킨#SF#천재#노력#마법사,"이번 버전에서는 또 어떤 컨셉으로 게임해 볼까? 극한의 자유도를 자랑하는 게임 'WORLD'. 이번 'ver.3.0'에서는 마법 재능에 모든 걸 몰빵한다! 모든 스텟은 마법 관련 스텟에 올인! 마법 재능을 높여주는 대신, 막대한 디메리트가 걸리는 특성들. “허수아비, 불면증, 마나중독자, 과유불급도 추가하고, 재인박명……. 수명은 상관없겠지.” 하지만...... 그래선 안 되었다. 캐릭터 생성 후, 정신을 잃고 깨어난 몸은 자신이 직접 생성했던 허약한 육체를 가진 '레녹'이었다. 육체를 일시적으로 원상태로 되돌릴 수 있는 건, 싸구려 마약 담배로 인한 일시적 도핑뿐. 화려한 네온사인과 마천루 건물들. 그리고 그 사이에 펼쳐진 비열하고 비정한 거리가 공존하는 도시, 발칸. 그곳에서 레녹은 우선 살아남아야 한다. '재능'만 충만한 마법사의 처절한 하드보일드 생존기.",0.2799,0.4961,0.2074,0.3898
차원문으로 만렙 요리사,"9,085",#이능력#서포터#만능#차원이동#시스템#먹방/요리#노력#성장,창고 문을 통해 넘어간 이세계. 내 음식을 먹은 사람들이 강해지기 시작했다.,0.2308,0.792,0.8713,0.0125
치팅데이,178.2만,#전문직#노력#성장#방송#먹방/요리,"""야채? 지금 먹잖아요. 냉면을 뭘로 만들어. 메밀하고 밀가루잖아요. 이만하면 훌륭한 채식이지."" 먹방 유튜버 반찬용. 10만 구독자를 앞둔 시점에 당뇨병이 찾아왔다. ""삼겹살도 라면도 못 먹는다고?"" 방송과 건강 모두 지켜야 한다. ""오히려 좋아. 콘텐츠 각이네.""",0.209,0.4047,0.4085,0.7861
어쩌다 망한 레스토랑을 넘겨받았는데,"3,990",#능력남#직진남#다정남#츤데레남#재벌남#사이다녀#능력녀#다정녀#철벽녀#친구>연인#신분차이#힐링물#로맨스판타지,"소중한 친구이자 인생 선생님이나 다름없던 분에게 제국 제일의 금싸라기 땅에 자리한 레스토랑을 넘겨받았다. 비록 그 거리에서 가장 소박하고, 엠블렘도 없으며, 3년이 되도록 방치해 흉물이 다 되어 가는 식당이었지만 율리아나는 부지런하게 영업 준비를 시작하는데……. “제가 에스코트한 레이디 중에서 이렇게 불평을 하시는 분은 당신이 처음이십니다.” “별말씀을. 손목을 꺾인 것도 처음이겠죠.” 어쩌다 보니 제국 제1 기사단장이자 제국을 수호하는 헤일 변경백의 장남, 레온 헤일과 서슴없이 티격태격하는 사이가 되어 버린 데다가 “누구신지 모르는 분과 식사를 나누기 어렵습니다.” “아, 저 요리 잘해요. 맛없는 건 안 먹여요.” 제국의 황금을 거머쥔 체스터 가문의 막내아들, 헨리 체스터와도 거래를 트고 유쾌한 친분을 쌓게 된다. “지금 제게 데이트 신청을 하시는 겁니까, 레이디 율리아나?” “아니거든요. 일하러 갑니다, 프리드리히 백작님.” 거기다 마법 수사국에서 근무하는 잘나고 잘생긴 마법사, 클라우스 프리드리히와 함께 사건을 수사하고 마법 수업을 받기까지! ……수도에 인생 첫 레스토랑을 오픈했을 뿐인데 어쩐지 대단한 남자들과 엮여 버린 것 같다.",0.6072,0.839,0.5719,0.4279
영업왕 관상가,145.5만,#전문직#회사원,옆으로 툭 튀어나온 광대. 크게 부릅떠 상하좌우로 흰자가 보이는 사백안. 살짝 벌려 있는 작은 입. 좌우 대칭이 맞지 않는 짝귀. 삐뚤어진 코와 상대적으로 발달한 턱. “보기 드문 ‘악상’인데…….” 충동적인 분노를 참지 못해 흉악한 짓을 저지를 상이었다. ‘정문! 자살하거나 범죄자로 살 팔자-!’ 형준은 그 주름을 보자마자 바로 거지에게 달려들었다. 순식간에 거지를 제압하는데…,0.1365,0.371,0.2079,0.4132
공녀님은 무림 적폐,19.6만,#로맨스판타지#육아물#성장물#환생물#가족물#무협물#여주판타지#첫사랑#천재#왕족/귀족#카리스마남#능력남#능력녀#외유내강#걸크러쉬,"천하제일인이며 동시에 무림 공적이라 불린 진서련. 모든 복수를 끝마치고 눈을 감았지만, 어째서인지 전생의 기억을 고스란히 가진 채 중원이 아닌 다른 세계에서 아기로 태어나고 마는데……. “베로니카.” 낯선 사람들 모두 나를 저렇게 불렀다. 내가 알던 곳과는 다른 의복, 다른 이름, 다른 풍경. 이곳은 과연 어떤 곳일까? 과거 내가 존재했던 세상과는 얼마나 다른 걸까? 중원. 무림. 강한 자가 다 해먹는 세상. 뭐, 어딜 가든 비슷할 테니 여기도 같겠지. 그렇다면 역시 힘을 길러야 한다. “아부.” “……아가 기저귀를 갈아 줘야 할 것 같네.” “네. 바로 준비하겠습니다.” 일단은…… 좀 더 자라고 나서. 젠장. ",0.5304,0.9958,0.0309,0.7831
회귀 경찰의 리셋 라이프,"5,338.2만",#전문직#복수#회귀#먼치킨#천재#노력#성장#경찰#형사#학생,"「게임 폐인의 리셋 라이프」의 작가 한길 그가 선보이는 새로운 이야기! 『회귀 경찰의 리셋 라이프』 악바리로 소문난 지능범죄수사대의 팀장, 최종혁 그는 거대한 범죄 조직의 존재를 깨닫고 그 뒤를 추적하지만, 의문의 사고를 당하고 마는데…… “경찰대건, 법대건 무조건 간다!” 부족한 힘 탓에 맞이한 억울한 죽음 또다시 당하지 않기 위해 자신과 같은 억울한 피해자를 만들지 않기 위해 1997년, 과거로 돌아온 경찰의 리셋 라이프가 시작된다!",0.3057,0.2494,0.2935,0.5224
만 년 만에 귀환한 플레이어,2.1억,#하렘#귀환#차원이동#마계#먼치킨#마왕#착각,"어느 날, 갑작스럽게 지옥으로 떨어졌다. 가진 것은 살고 싶다는 갈망과 포식의 권능뿐. 일천의 지옥부터 구천의 지옥까지. 수만, 수십만의 악마를 잡아먹었고. 일곱 대공마저 그 앞에 무릎을 꿇었다. “어째서 돌아가려 하십니까? 왕께서는 이미 지옥의 모든 것을 가지고 계시지 않습니까.” “가지긴 뭘 다가져.” 먹을 것도, 즐길 것도 없다! 지옥에 있는 거라고는 황량한 대지와 끔찍한 악마뿐! “난 돌아갈 거야.” 만 년이라는 아득한 시간 만에 그가 지구로 귀환한다.",0.3694,0.0733,0.143,0.5108
아기님 캐시로 로판 달린다,"4,590.1만",#로맨스판타지#육아물#먼치킨#성장물#가족물#초월적존재#소유욕/독점욕#집착남#능력녀#엉뚱발랄녀#외유내강#사이다녀#개그물#힐링물#권선징악,"집도, 절도, 부모도 없이 살다가 고생만 하며 죽었는데 천사가 나타나 제안했다. “로맨스판타지 소설의 프로베댓러인 당신, 로판을 참고해 만든 세계에 환생하지 않겠습니까?” (잘생긴) 아빠에, (잘생긴) 오빠들이 다이아 수저로 맘마를 떠먹여 준대서 환생했더니…. ?엄마가 바람피워서 낳은 자식일지도 모른다고요? 태어나자마자 외가에 맡겨져 구박데기 신세로 전락했다. ‘이대로라면 혼자 얼어 죽거나 굶어 죽을지도 몰라.’ 이렇게 된 거 어쩔 수 없다. “아빠, 나 데려가아?!” 어떻게든 살아남아 보자. 그런데, [조건을 충족했습니다.] [특성 <러시 앤 캐시>를 각성합니다.] [독자님, 원하는 것을 얻기 위해선 수단과 방법을 가리지 마십시오. 정복하고 쟁취하십시오! 로판 독자는 이런 상황에서 뒤로 물러나지 않습니다! 당신의 능력을 보여주세요! -조건: 파에라톤 공작을 설득해 <소환 매개체>를 획득. -보상: 5,000캐시 뽑기권 -퀘스트 거절 패널티: 인생 하차 -퀘스트 실패 패널티: 인생 하차] ‘그러니까 퀘스트가 아빠 볼따구에 뽀뽀하는 거라고요?’ …사기 당했다. * 아레스가 내게 다가왔다. “오늘 정말 귀엽네, 내 동생.” “뭐, 약골 솜뭉치 주제에 봐줄 만은 하네.” 익시온이 질세라 다가오며 말했다. “벽이나 부수는 저런 폭력적인 놈 말은 들을 필요 없어.” “아아, 속이 시커먼 놈보단 낫겠지.” “네게는 여전히 교육이 필요한 것 같구나.” “지금이라도 해볼 테냐?” 두 사람의 눈빛에서 살기가 일렁이기 시작했다. 아니, 또 이 패턴이냐. 이제 나도 안 말려! 싸울 거면 나가서 싸워! 내 방 부수지 말고! 나는 유일한 희망인 아빠를 바라봤다. 과연 아빠는 침착한 얼굴로 나를 바라보고 있었다. 하아, 역시 안심된다. 어느 때에도 냉철한 우리 아빠! 내가 활짝 웃으며 아빠에게 손을 뻗는 순간. “……두렵군.” 아빠가 살짝 비틀거리며 중얼거렸다. “내 딸의 귀여움은 신체를 장악할 정도다.” ……예? “일시적 마비. 그 직후 비정상적으로 빠르게 일어나는 심실과 심방의 수축과 팽창.” “…….” “팔다리가 뇌의 통제를 잃고 멋대로 움직이려고 하지.” 척, 어느새 다가온 아빠가 나를 번쩍 안아 들었다. 저기요, 딸 안아드는 게 팔다리의 통제 운운할 거리인가요. 나는 짜게 식은 눈으로 아빠를 내려다봤다.",0.6584,0.206,0.7494,0.0027
차가운 공작님의 손을 놓아버리면,238.6만,#로맨스판타지#재회물#막장#피폐물#나쁜남자#소유욕/독점욕#왕족/귀족#카리스마남#절륜남#계략남#집착남#오만남#상처녀#신분차이,빠져서는 안 될 사랑에 몸을 내던졌다. 그러니 그의 그림자 속 여자라도 괜찮았다. “아이를 가졌어요.” 예상치 못한 일이 생기기 전까지는. “지워.” 남자의 입에서 한 치의 망설임도 없는 말이 흘러나왔다. “그럴게요.” 그리고 여자의 입에서도 망설임 없는 말이 튀어나왔다. “결혼을 축하해요.” 아벨린은 축하의 말을 남겨 둔 채 떠났다. 그가 영영 찾을 수 없는 곳으로.,0.4573,0.5249,0.9176,0.1229
주인공의 꽃길에 올라타는 방법,437.3만,#로맨스판타지#학원물#성장물#여주판타지#역하렘#능글남#대형견남#츤데레남#능력녀#계략녀#뇌섹녀#드라마#개그물,"심심풀이로 보던 남성향 현대판타지 소설에 환생했다. 환생자 특전으로 꿀 빠는 삶을 기대했건만, 내게 주어진 건 고아원 왕언니 롤, 먹여살릴 동생이 줄줄 딸린 하드코어 인생이었다! 닥쳐온 재정 위기 속에서 나는 결국 결심했다. '주인공 버스'에 올라타기로! 즉 남자주인공 하렘의 일원이 되는 거다. 히로인? 얼마든지 되어주겠어. 그렇게 해서 돈을 벌 수 있다면! 내 목표는 흔한 서브 히로인1이 되어 떡고물을 받아먹다가, 벌 만큼 벌면 자연스럽게 퇴장하는 것이다. 그런데... [캐릭터 '강나현'이 <아카데미의 F급 지휘관>에 등장합니다.] [독자들의 반응이 업데이트 되었습니다!] -뭐임? 히로인임? -아카데미는 역시 하렘이 제맛이죠 -히전죽! 히전죽! 이건 또 뭐야? *** ...분명 처음 목표는 비중 없는 서브 히로인1이었는데. -ㅅㅂ 정실은 당연히 강나현 아니냐? -ㄴ ㅇㅈ합니다 -강나현이 정실이라는게 학계의 점심 인생은 언제나 계획대로 굴러가지 않는 법이라는 걸, 그때의 나는 모르고 있었다.",0.509,0.1508,0.5455,0.0494
주인공을 입양했더니 장르가 바뀌었다,"1,037.1만",#시대/역사로맨스#로맨스판타지#다정남#순정남#존댓말남#능력녀#도도녀#걸크러쉬#계략녀#악녀#재벌녀#우월녀,"주인공을 학대한 죄로 매번 끔찍하게 살해당하는 악녀에 빙의했다. 하지만 내가 악녀가 되었다고 주인공을 학대할 이유는 전혀 없지. 주인공을 학대하는 대신 잔뜩 확대해버리겠다 다짐했는데…! ‘자, 레오야. 아- 해볼까?’ [동기화 진행 중 오류가 발생했습니다. 벨린다 언어로 번역됩니다.] “입 벌려, 쥐밤톨.” 이놈의 망할 시스템이 내 입을 지옥의 주둥아리로 만들어버렸다. 그런데 어쩐지… 악녀 생활이 생각보다 잘 맞는다? “게을러빠진 것들. 내가 발 디딜 곳에 레드 카펫을 깔라고 대체 몇 번을 말하게 하는 거야!” “왕도에서 최고로 잘 나가는 파티세리에서 한정판 마카롱을 종류별로 사 오도록.” “구하기가 어려워? 멍청하긴. 가게 앞에서 노숙하면 되잖아.” 돈, 권력, 미모. 거기에 시스템 창까지 총동원해 벨린다에게 닥친 문제들을 해결했더니… “벨, 나와 결혼해 주지 않겠어?” “주인님, 주인님은 왜 날 좋아하지 않아?” “블랑쉐 님, 당신은 이 흑백 세상의 유일한 예외입니다.” 게임에서 벨린다를 죽이던 후원자들의 태도가 돌변했다. 게다가. “상호 합의하에 대공 각하와 일정 기간 결혼 생활을 유지하다 이혼할 것을 제안드립니다.” 북부 대공이 보낸 계약결혼까지. 어쩌면 나, 패악 부리기에 재능이 있었던 걸지도? ",0.1742,0.3684,0.7938,0.0238
천하제일 무공교관,"2,154.8만",#퓨전#학원#먼치킨#천재#노력#성장#정파,"마교교주 석원초, 혈교주를 뛰어넘는 괴물이었어. 그런 그를 누가 죽였는지 아는가? ""하무백."" ""한데, 그 얘기는 왜……."" ""그자가 우리 맹룡대 교관으로 온다네"" …젠장. x됐다!",0.3427,0.7276,0.6075,0.3671
혜안투철의 막내 공자,1.8만,#환생#복수#천재#성장,"누구보다 신앙이 깊던 마교의 마존, 서량. 교주의 천마 즉위를 앞둔 날, 그의 믿음은 배신당한다. 하지만 하늘은 그에게 두 번째 기회를 주었으니. 호남서가의 막내 공자 서량, 복수를 시작한다. ",0.3207,0.8757,0.208,0.4826
삼국지 : 슬기로운 병영 생활,7.3만,#차원이동#대체역사#삼국지#전쟁#생존,타고난 힘을 거부하고 평범하게 살고자 했던 윤환은 난세의 병사가 되었다.,0.4706,0.0605,0.8945,0.1473
차원여행자는 미궁의 주인이 되었습니다,56.3만,#차원이동#검사#이능력#시스템#천재#먼치킨#성장#포식/흡수#영지,[차원여행자로 각성하셨습니다.] 로젤리아 대륙의 제론이 되어 버린 민성. 검과 마법이 공존하는 로젤리아 대륙. 지구의 던전과 비슷한 ‘미궁’. “미궁?” 그런데……. 미궁이 낯설지 않다. 차원여행자 제론은 미궁의 주인이 되었습니다.,0.7638,0.9777,0.3994,0.9821
남주를 탐낸 성녀에게는 죽음뿐,92만,#로맨스판타지#빙의물#시한부#까칠남#다정남#소유욕/독점욕#집착남#엉뚱발랄녀#삼각관계#로맨틱코미디#개그물,"황태자와 대공의 저주를 풀어줄 수 있는 초초초강려크한 성녀 여주, '시에나'에 빙의했다. 손만 잡아도 고통이 줄어들고, 하룻밤을 함께 보내면 저주가 완전히 풀린다나? “원한다면, 밤에도 만족스러울 거라고 약속하지.” “시에나라면, 절 어떻게 해 봐도 괜찮은데.” 이게 웬 양손의 떡인가 싶었는데... 그림의 떡이었다. 원작에 따르면, 성녀 시에나는 남주와 하룻밤을 보내면 죽는다고. 강제 순결행 열차에 탑승하신 걸 환영합니다. 뿌뿌!=3 “너와 단둘이 있는 건 늘 환영이지.” 하 씨. 피눈물이 나지만 저리 가시고요. “어딜 도망가려고요, 시에나.” 저리 꺼져! 꺼지라고! 어떻게든 마음에도 없는 철벽을 쳐야만 한다. ...살고 싶다면!",0.6196,0.8038,0.178,0.4417
방구석 대군주,278만,#차원이동#시스템#이종족,"[님들 나 각성함 ㄹㅇ] 이번에 나 소환사로 각성했는데, 내 소환수가 오크거든? 근데 이 새끼 너무 듬직하다니까? 혼자서 고블린 수십 마리도 쓸어 버리고, 트롤도 이기고, 오우거도 이겨버림. 근데 거기서 끝이 아님. 오크 부족 하나 접수해서 족장 자리 꿰찬 다음에 영역 넓히는 중임. 이미 근처 리자드맨 부락 몇 군데 쓸어버렸는데, 조만간 다른 오크 부족도 먹어서 통합할 듯? 아, 소환수 새로운 놈으로 하나 더 얻음. 이번엔 슬라임인데, 엄청 희귀한 슬라임이라 함. 능력도 개쩜ㅋㅋㅋㅋ └말이 되는 소리를 지껄여라. 뭐? 오크 혼자서 고블린 수십 마리를 쓸고, 트롤도 잡고 한다고? └이 새끼 어그로임. 한두 번 이러는 거 아님. 최근에 좀 뜸하더니만 어김없이 등장했네 └꿈속에서 각성한 듯. 나도 어제 꿈속에서 소드마스터로 각성해서 마물 새끼들 다 썰고 다녔다 “음.” 태형은 마우스를 쭉 내려 댓글을 전부 읽고는 흡족하게 고개를 끄덕였다. “훌륭하구만.” 진짜로 방구석에서 대군주되는 이야기.",0.4891,0.1676,0.6007,0.0641
오만한 당신의 끝은,"1,493",#로맨스판타지#가상시대물#카리스마남#순정남#후회남#순진녀#상처녀#정략결혼#애잔물#외유내강,"정략결혼한 남편에게 첫눈에 반했다. 결혼 후 한 달, 그는 전쟁터로 떠나고 이벨린은 홀로 아이를 낳는다. 하지만 그녀에게 돌아온 건··· 아비가 남편을 배신했다는 청천벽력같은 소식! ? 비정한 아비는 이혼서류에 도장을 찍기도 전에 그녀를 재혼시키려고 한다. 상대는 아내를 넷이나 살해한 잔혹한 노인. 아이와 함께 살아남기 위해 그녀는 남편에게 거래를 제안하는데··· ? “잠들게 해줄게요··· 거래해요, 우리.” “그 거래, 뭔진 모르겠지만 일단 받아들이지.” ? 가문의 저주인 불면증을 해소하기 위해 본능처럼 이벨린을 찾는 일리야. 많은 상처를 받았음에도 일리야를 보면 여전히 가슴이 두근거리는 이벨린. ? 아내와 함께 하는 시간이 길어질수록 배신감과 증오는 점점 옅어지고··· 꽁꽁 얼어붙은 겨울의 시간을 살아가던 그에게 드디어 봄이 찾아온다. ? “네가 이겼어, 이벨린. 형의 대용품이든 뭐든··· 이제 상관없어.” ? 격정적인 서사 속에서 펼쳐지는 일리야와 이벨린의 사랑 이야기. 뒤늦게 사랑을 깨달은 남자에게서 과연 이벨린은 도망칠 수 있을 것인가. ------------------------------------------ 남자 주인공 | 일리야 아잔티스 대공가의 차남으로 태어나 작위를 이어받은 전쟁 영웅. 마두스 후작의 외동딸과 정략결혼 후, 이민족과의 전쟁에 떠밀려 나갔다. 장인인 마두스 후작의 배신으로 죽을 고비를 넘기고, 2년 만에 불패의 영웅이 되어 돌아온다. 가문의 저주인 불면증을 계기로 배신자의 핏줄인 아내와 거래를 하게 되는데. 어느 날은 아내에게서 안식을 찾았다가, 또 다른 날은 배신의 기억이 떠올라서 죄 없는 그녀를 미워했다가··· 왔다 갔다 하는 마음속에서 괴로워하지만, 결국 아내를 사랑하게 된다. 여자 주인공 | 이벨린 마두스 마두스 후작가의 외동딸. 남존여비 사상이 심한 부친 밑에서 차별과 무시, 폭력으로 얼룩진 어린 시절을 보냈다. 자존감도 낮고, 세상 물정도 모르는 순진한 귀족 소녀. 정략결혼 후 친정의 배신으로 인한 가혹한 일들을 겪고서 점점 성장한다. 그 과정에서 환각을 만들어내는 능력을 각성하게 되고, 아들과 함께 하는 새로운 미래를 꿈꾸며 그녀는 도망친다. 뒤늦게 사랑을 깨달은 남자에게서. ?이럴 때 보세요 격정적인 서사 속에서 펼쳐지는 애절한 로맨스를 보고 싶을 때. 공감 글귀 처음 본 순간부터 그를 사랑했다. 어쩌면 앞으로도 영원히 그를 사랑할지도 모른다.",0.0205,0.5048,0.6827,0.0424
템빨,11.2억,#게임#레이드#방송#먼치킨#시스템#마계#영지#천재#성장#착각#아티팩트#고인물#검사#마법사#대장장이/생산직,공사장에서 벽돌 나르고 삽질하는 불운한 인생의 신영우. 그런데 심지어 게임 속에서 노가다라니. 하지만 불운한 인생이라 한탄하던 그에게도 행운이 찾아오는 것인가. 퀘스트 수행을 위하여 북쪽 끝의 동굴로 향한 '그리드'. 그곳에서 '파그마의 기서'를 발견한 그는 레전드리 직업으로 전직하게 되는데…….,0.2308,0.1297,0.2313,0.3798
능력 있는 한의사가 다 고침,425.6만,#메디컬#전문직#노력#성장#의사#복수#조력자#방송#천재,"한국 최고의 대학병원 인턴 한의사 선이준. 아버지의 유품인 안경을 쓰고 난 후. '설마, 지금 미래의 차트 내용을 보고 있는 건가……?' 어느 날부터 눈에 보일 리 없는 것들이 보이기 시작했다.",0.3571,0.811,0.1856,0.2882
역대 최강의 빌런이 귀환했다,63.1만,#차원이동#복수#귀환#생존#회귀#먼치킨#성장#격투가,"루메르, 뜻 모를 이름을 지닌 이 행성은 수많은 괴물들, 강대한 존재들의 전쟁터다. 끝없는 싸움과 땅의 끝을 모를 이곳은 말 그대로 지옥이라 표현할 수 있다. 캉! 그리고 나는 이 지옥에 떨어진 한낱 인간일 뿐이었다. 인간의 뼈 따위 지긋이 짓눌러 으스러뜨릴 수 있는 존재들 속 인간이란 한 없이 처량하고 약한 존재일 뿐이다. 나는 그런 인간, 이서준이었다. ‘접합.’ 그런 인간에 불과한 나였지만, 실험체였던 나에겐 하나의 능력이 있었다. 나의 육신이 아닌 다른 육신을 이어붙이고, 그에 동화되어 새로운 육신을 사용할 수 있는 능력. ‘살아남았다.’ 그 능력으로 살기 위해 괴물의 신체를 이어붙였고, 괴물이 되어야만 했다. “크워어어어어!” 그리고 마침내 이 괴물들의 행성, 루메르의 왕이라 부를 수 있는 존재를 쓰러뜨렸다. 그렇게 살아남은 나는 녀석이 가지고 있던 것을 빼앗았고. [시스템이 최종 보스 아이온의 주인을 새로이 인식합니다.] [플레이어가 본래의 세계로 돌아갑니다.] 그들을 향해 갈 수 있게 되었다.",0.2446,0.2493,0.6951,0.0001
24시 회빙환 상담소,100.7만,#로맨스판타지#환생물#빙의물#회귀물#역하렘#소유욕/독점욕#능력남#능력녀#외유내강#걸크러쉬#계약관계#로맨틱코미디#치유물,"신의 뜻을 이어받아 회빙환 고객님들을 도와주는 회빙환 상담소! 그곳의 유일한 상담사, 로라. 하지만 어찌 된 일인지, 100년에 1명씩 나타나야 할 고객님이 나타나지 않고 있다. 자그마치 500년 동안. 이대로 망했- 아니, 포기해야 하나 싶어 접으려던 찰나. 드디어 그녀의 고객님이 나타났다! “……빙의입니다.” “회귀다.” “환생 같습니다.” ……왜 회빙환, 셋이 다 나타난 거지? 랭킹 1위 헌터였다가 황태자 몸에 들어간 빙의자 한 명, 공작가의 유명한 망나니였던 회귀자 한 명, 제국에 있어 전설적 존재였던 환생자 한 명. 수천 년의 역사를 지닌 상담소 기록 중 이런 사례는 단 한 번도 없었다. 500년 동안 조용하다가, 이게 어떻게 된 일이지? 정말로- “……세계가 미쳐 버렸나?” 그리고 고객님들도 점점 이상해져 가는 것 같다. “황태자가 아닌 저를 제대로 아는 사람은 당신뿐입니다.” “네가 없었다면 나는 결코 새 인생을 살지 못했을 거야.” “로라 님, 고맙습니다. 당신이 내 유일한 안식처입니다.” 나는…… 그냥 상담료 적당히 받고 조용하게 사는 게 꿈인 사람인데……? 24시간도 모자란 로라의 상담은 과연 무사히 끝날 수 있을까?",0.6219,0.1283,0.5834,0.5304
감자세자와 뒤주대왕,6.8만,#대체역사#빙의#먼치킨#실존인물#노력#왕족/귀족#군인#전쟁#성장,"‘어디라도, 어떻게라도 좋다. 제발 아바마마에게서 벗어날 수 있기를.’ ‘어디라도, 어떻게라도 좋다. 제발 아버지에게서 벗어나게 해다오.’ 도저히 이 아버지 밑에서는 살 수가 없다! 영조와 프리드리히 빌헬름 1세 아래에서 벗어나길 간절히 바라는 두 왕자, 이선과 프리드리히 폰 호엔촐레른. 훗날 사도세자와 감자대왕이라 불릴 이 두 사람은. """"여기는 또 어디고, 너희는 누구지?"""" 격동의 18세기, 서로의 몸에 빙의한 두 왕자. 그들은 각자의 방식으로 새롭게 역사를 써나간다.",0.7316,0.6426,0.2925,0.5646
신마대제,"1,721.4만",#정통#복수#생존#천재#노력#성장#지존,"마도의 하늘이라 불리는 마도십문. 그들이 힘을 모으니, 세상은 이를 마전(魔殿)이라 불렀다. 그리고 지금 천하만마의 성지에서, 무림을 집어삼킬 신마(神魔)가 눈을 뜬다.",0.7621,0.2533,0.7995,0.2718
시한부는 흑막가에 위장 취업한다,"1,154.1만",#로맨스판타지#육아물#환생물#시한부#역하렘#소유욕/독점욕#집착남#능력녀#외유내강#계약관계,"엄청난 빚만 남기고 아버지가 돌아가신 날, 리비아는 자신이 전생에 죽기 전 읽었던 소설 속 엑스트라로 환생했다는 사실을 깨달았다. 거기까지는 좋았는데……. 자신이 또 시한부, 그것도 피부에 검은 꽃이 피며 죽는 마화병에 걸렸단다. 병을 치료할 유일한 방법은 이 세계의 흑막가인 ‘메르체데스 공작가의 가보.’ 하는 수 없지. ‘적당히 도움만 주고 가보로 병만 치료하면 떠나자!’ 그렇게 리비아는 메르체데스 공작가의 입주 가정교사로 위장 취업했다. * * * 가보를 찾고 병을 치료했다. 목적을 이뤘으니 이제 조연답게 조용히 사라지려 했는데……. “제가 잘못했어요. 가지 마세요. 선생님 없으면 전 못 살아요.” 소악마라 불리던 소공자는 떠나지 말라며 매달리고. “마땅히 신을 섬기고 성녀님을 모셔야 할 제가, 왜 당신에게 온 것인지. 당신은 아십니까?” 원작 여주를 따라야 할 성기사가 내게 기사의 맹세를 하고. ""리비아 씨, 제 운명의 나비는 당신입니다."" 제국 최고 정보 길드의 마스터가 나를 유혹하려 하질 않나, “소공자 말고 황자의 가정교사가 되어줄 수 없겠나? 자네가 아주 탐나서 말이야.” 원작 여주에게 빠져 간이고 쓸개고 다 줬어야 할 남주가 어째서인지 나를 스카웃하겠다며 들이댄다. 무엇보다……. “가려면 어디 한 번 가보든가. 뒷감당할 자신 있으면.” 저기요, 그거 협박 아닌가요……? ‘대체 뭐가 어떻게 돌아가는 건데!’ 나는 그저 병을 치료하고 싶었을 뿐인데, 무언가 단단히 잘못된 것 같다.",0.5737,0.7083,0.0296,0.8073
"흑막은 아니고요, 게이트 주인입니다",406.4만,#성장물#여주판타지#까칠남#상처남#대형견남#능력녀#걸크러쉬#드라마,"주조연 모두 차별 없이 죽어 나가기로 유명한 헌터물 소년 만화에 환생했다. 문제가 있다면 내가 전투력 0인 민간인이라는 것! 온갖 알바를 전전하며 평범하게 살아가던 어느 날, 게이트에 휘말렸다가 정신을 차려 보니…. 【환영합니다, <권아솔> 각성자님!】 【고유 능력 <게이트>의 탐색이 완료되었습니다!】 ‘네?’ 죽다 살아나서 얻은 거라곤 원작 악당과 똑같은 능력에, 내 남동생이 이 세계 주인공이라는 충격적인 진실뿐. 이 상황에서 내 목표는 하나. ‘이 대환장 소년 만화에서 우리 집 대가리 꽃밭을 살려야 한다!’ 그런데…. 【전용 게이트가 생성됩니다!】 【전용 마수 <러블리 곰돌이 인형>이 소환됩니다!】 활짝 열린 게이트에서 수백 개의 곰 인형이 쏟아져 나왔다. …내 능력은 이딴 걸 만들어 내서 싸우는 거였다. ─근데 나만 곰 인형 귀엽다고 생각한 건가? ─뭐야 저 푸딩 같은 거??? ?놀랍게도 권아솔이 꺼냈다는 그 새로운 마수입니다 ─왜 권아솔이 소환한 마수는 다 저런 관상이냐以빱빱빱빱빱 그런데 이제 주변인들의 박살 난 미적 감각을 곁들인.",0.4306,0.4558,0.8641,0.5502
아카데미의 마피아가 되었다,951.4만,#게임#귀환#깽판#학원#성장#착각,"『아카데미의 마피아가 되었다.』 한 게임에 인생을 갈아 넣었지만 벽에 막혀서 만년 2등으로 살던 어느 날 [님은 님 닉네임으로 살라면 살 수 있겠음?] ㄴ뒷세계흑막염: 남자는 못 먹어도 고지! 갑자기 받은 쪽지와 함께 게임에 빙의해 버렸다 그것도 암흑가 보스의 무능한 후계자로! “그래, 혈연도 능력이라면 능력이지.” 게임 고인물은 어디 안 간다 압도적인 폭력, 끝없는 재력, 뒷세계의 인맥 뭐든 사용해서 살아남아 주마!",0.2383,0.3144,0.9294,0.4981
파공검제,"2,132.1만",#퓨전#환생#복수#귀환#빙의#먼치킨#천재#고인물#정파#사파#명문세가#망나니#검#남궁#지존,"『천살성이 남궁세가로 환생했다』 천하대살성이란 오명을 뒤집어쓰고 무림공적으로 몰려 비참한 죽음을 맞이한 진천랑. 정신을 차려보니, 사흘 전 죽은 아들의 몸에 빙의했다. 대살성의 자식이란 이유로 지독하게 멸시받아 왔던 아들, 남궁천. “어쩌면 날 여기로 부른 게 당신과 우리 아들이 아닐까?” 이번 생은 다를 것이다. 남궁천의 이름으로 세상을 향해 복수하고, 모든 걸 되돌리리라.",0.1209,0.4341,0.0025,0.8667
북해무신,"2,321.7만",#정통#퓨전#환생#빙의#천재#노력#성장#정파#권#지존#협객,"정파와 사파의 통합을 이뤄낸 무림사 최초의 맹주(盟主). 이백 년이라는 영겁의 시간을 지나, 북해빙궁의 소궁주로 깨어나다. “자, 이번에는 북해에서 시작이다.” 이것은 훗날 북해무신(北海武神)이라 불릴 절대자의 기록이다.",0.0003,0.2455,0.9924,0.528
마법학교 마법사로 살아가는 법,1.1억,#차원이동#생존#학원#천재#노력#성장#마법사#왕족/귀족#이종족#만능,대학원생 이한. 다른 세계 마법명가의 막내로 태어나다. -다시는 학교에 들어가지 않겠다! '너는 무엇을 목표로 하는가?' '평생 놀고 먹...' '그래. 너도 스스로 네 재능을 느끼고 있을 것이다. 마법학교 에인로가드로 가라!' '가주님!' 마법학교를 졸업하면 평생이 보장된다. 최선을 다해 졸업하라!,0.1212,0.0468,0.8556,0.6639
검술명가 막내아들,4억,#정통#회귀#영웅/신화#성장#검사#마법사#만능#정치가#신#이능력#먼치킨,"진 룬칸델 대륙 최고의 검술명가, 룬칸델의 막내아들 룬칸델 역사상 최악의 둔재 비참하게 쫓겨나 허무한 최후를 맞이한 그에게 다시 한 번 기회가 주어졌다 “너는 이 힘을 어떻게 사용하고 싶더냐?” “저를 위해 사용하고 싶습니다.” 전생의 기억과 압도적인 재능, 그리고 신과의 계약 최강이 될 준비는 끝났다",0.7509,0.1694,0.8028,0.4424
은해상단 막내아들,4.5만,#정통#복수#회귀#천재#노력#성장#착각#정파#표국#상인#책사#명문세가#검,"『은해상단 막내아들』 천하제일의 상재를 타고난 은서호 승승장구하던 그를 가로막는 자들 “어째서 무림맹이 나를…….” “너무 크게 성장해서 귀찮아졌거든, 그러니까 눈에 거슬린다는 거지.” 상단 일을 시작했던 그날로 돌아왔고, 굳게 다짐한다 이번 생에서는 절대 후회하지 않기로 “그렇게 네놈들이 깔본 돈으로 무너뜨려 주마.” 천재적인 두뇌와 뛰어난 무공 재능까지 역사에 남을 위대한 상황(商皇)의 행보가 시작된다!",0.0762,0.2859,0.8356,0.1819
후회물 여주인데 멘탈이 너무 강함,219만,#로맨스판타지#막장#사이다녀#능력남#복수물#후회남#시월드#가족물#개그물#로맨틱코미디,"알고 보니 내가 후회물 여주인공이었다. 심지어 지금은 후회물 남주와 가족들이 업보를 쌓는 기간이라는데! ‘와, 이렇게까지 나를 괴롭혔다고? 심한데?’ 하지만 괜찮다. 전생의 나는 온갖 서비스직 아르바이트 경력 10년 이상, 어지간한 진상은 전부 소울리스로 퇴치할 수 있거든! “지젤, 네 그 건방진 언행을 더는 참아줄 수가 없구나. 조용히 하라 말했지.” “아, 진짜. 알겠어요.” “뭐?” “마리포사 님 말대로 전 더러우니까 쓰레기 봉투 쓰고 바로 땅 속에 묻히러 갈게요. 저같은 게 살아서 뭐하겠어요?” 날 괴롭히는 가족과 절연하고, 남주들보다 더 강해지겠다고 마음먹었을 뿐인데- “지젤 플로레트. 대외적으로 내 아내가 되어 주었으면 좋겠습니다.” 흑막, 칼리노스 공작이 아내 대행을 제안해 왔다? “보수는 1년에 50억 골드.” “제대로 모시겠습니다.” “아예 몹쓸 사람처럼 굴어주십시오. 내 가족들이 모두 결혼에 학을 떼게끔.” 진상짓이 세상에서 제일 쉬웠습니다! 충성! *** 계약한 대로 흑막 가문의 모든 사람에게 매일 찾아가 진상처럼 굴었다. “당장 꺼지란 소리다. 너처럼 우유부단한 안주인이 또 어디 있더냐? 너는, 우리 가문에 해가 될 뿐이야!” “넹~♡” “너, 넌 화도 안 나냐?” “화 전~혀 안 나고 너~무 신나용~♡” 그런데, 흑막 가문 사람들이 점점 더 내게 스며들기 시작한다? “지젤, 요즘 왜 안 오느냐? 바쁘냐? 너 주려고 파이 구웠는데.” 꼬장꼬장하기 짝이 없다는 흑막의 할아버지도. “우리 가문의 진정한 안주인은 지젤 님뿐입니다!” 외부인을 극도로 경계한다는 흑막 가문 사람들도. “다들 저리 가! 내가 누나야랑 결혼하 꺼야!” ……까칠하기가 이루 말할 데 없다는, 흑막의 조카까지. 그런데, 무엇보다- “안 돼. 미안하지만, 지젤은 내 부인이거든.” 흑막의 상태가 제일 이상한 것 같은데? #대가족 시트콤 #미친놈들 위에 또라이 여주 #빌빌 기기 시작하는 후회 남조들",0.4744,0.0064,0.1651,0.2796
최종 보스인데 랭커들이 나를 좋아한다,139.1만,#로맨스판타지#성장물#복수물#레이드물#전문직물#여주판타지,"최약체 F급 힐러 천서리. 소속된 길드에 배신당한 것도 모자라 붉은 탑 공략을 위한 제물로 바쳐졌다. 죽음을 목전에 둔 순간. 【비정상적인 접근을 감지했습니다.】 【시스템을 재부팅합니다.】 길드에서 버그를 써서 공략하려 했던 탓인지 오류가 생겼다. '혹시 살아 나갈 수 있는 걸까.' 필사적으로 희망적인 생각을 하던 그 순간. 【당신을 탑의 보스로 인식합니다.】 이게 뭐야?! 졸지에 탑의 최종 보스가 되었다. * 최종 보스가 된 후 가장 큰 장점은 바로 S급을 능가하는 힘을 얻었다는 것이다. '그래, 이 힘으로 길드에 복수하는 거야!' 은신하며 복수를 계획하기 위해 잦은 던전의 출몰로 폐쇄된 나의 고향, 흑당동으로 향했다. 사람도 없고, 최적의 장소잖아? 그렇게 조용히 숨어 지내기....는 개뿔! 분명 아무도 없는 줄 알았던 이 동네에 대체 왜 랭커들이 살고 있는 거야?",0.2135,0.5486,0.0778,0.9007
신검환생록,498.2만,#퓨전#환생#복수#깽판#먼치킨#고인물#정파#검#지존,"자아를 가진 무림 역사상 최고, 최강의 검 '무신검'. 그 이름이 허무하게도 한 낭인의 칼에 처참히 부서지고 마는데……. 그렇게 끝인 줄 알았던 그 순간. 신검은 전 주인의 적전제자, 식물인간이었던 철류흔의 몸을 빌려 눈을 떴다. ""난 열흘 동안 모처로 가서 탈태환골부터 할 계획이다."" ""뭘…… 하러 가신다고요?” “탈태환골.” 달라진 소문주 철류흔, 폐문 직전인 백악검문의 질주가 시작된다!",0.8207,0.3265,0.4733,0.9124
내 새끼 데뷔시키려다 내가 데뷔하게 생김,383.2만,#전문직#방송#성장#노력#가수,"평범한 직장인 여성 윤혜성은 서바이벌 탈락 후 연습생으로 돌아갔던 최애 나연우의 데뷔가 또 엎어졌다는 소식을 듣게 된다. 방구석에서 오열하다가 잠든 혜성은 이미 1년 반 전에 끝난 서바이벌 방송에 참가하는 꿈을 꾸게 되는데……. [지금부터 당신의 꿈이 현실이 되는 것을 수락하시겠습니까?] 눈앞에 그 창이 나타났다. 망상이 현실화된 지금, 내 새끼를 데뷔시키기 위한 눈물겨운 뒷바라지가 시작된다. ",0.7862,0.1006,0.9618,0.5177
나만 탑 있어,57.5만,#성장#생존#성좌#이능력#차원이동,#NAME?,0.4418,0.858,0.3178,0.3407
귀하의 하늘은 여전히 안녕하신지,253.2만,#로맨스판타지#오해물#조직/암흑가#가상시대물#군대물#운명#능글남#소유욕/독점욕#유혹남#직진남#능력녀#외유내강#무심녀#걸크러쉬#계약관계,"“살다가 내가 저 여자야, 저 여자라고, 하면?"" 단정한 군복보다 비릿한 피 냄새가 무척이나 잘 어울리는, 히아신 아스. “돈만 제때 준다면, 제 시체는 당신 거예요.” 가슴에 묻고 산 과거에 대한 진실을 찾고자 하는, 나디사 마로닌. * * * 나디사는 바라던 라드군의 합격증을 받은 뒤, 입단비를 마련하기 위해 한 전당포를 찾아가게 된다. 그곳에서 한 남자를 만났다. 마혼과 계약해 검은 문신으로 온몸이 뒤덮인, 히아신 아스를. “네 눈과 피를 담보로 하는 계약에 조건을 더하고 싶은데. 그러면 내가 너무 악랄해 보일까?” 바로 자신이 원하면 어디든, 누구든 무자비하게 죽여 달라는 것. 그녀는 안 된다는 것을 알면서도 홀린 듯 그의 손을 맞잡았다. 이후 운명의 장난처럼 두 사람은 같은 부대에서 마주치게 되고 그는 그녀의 앞에 불쑥불쑥 나타나기 시작하는데....... “하늘인 신의 손길 한 번 받겠다고 목매는 기분이 이런 거구나.” 그는 호기심으로 시작한 관계라 가볍게 여겼지만, 거부할 수 없는 손길에 취하고 나서야 깨달을 수 있었다. 저 반대쪽에 서 있는 여자가 제 삶을 송두리째 바꿔 놓았다는 걸. 그러니 사랑과 증오, 무엇도 가질 수 없다면, 그 없다는 사실이나마 제 것으로 만들고 싶다는 걸.",0.5874,0.5537,0.1463,0.7287
귀하의 하늘은 여전히 안녕하신지 [19세 완전판],127.1만,#가상시대물#로맨스판타지#군대물#조직/암흑가#오해물#계약관계#소유욕/독점욕#능글남#유혹남#직진남#능력녀#외유내강#무심녀#걸크러쉬#운명,"“살다가 내가 저 여자야, 저 여자라고, 하면?"" 단정한 군복보다 비릿한 피 냄새가 무척이나 잘 어울리는, 히아신 아스. “돈만 제때 준다면, 제 시체는 당신 거예요.” 가슴에 묻고 산 과거에 대한 진실을 찾고자 하는, 나디사 마로닌. * * * 나디사는 바라던 라드군의 합격증을 받은 뒤, 입단비를 마련하기 위해 한 전당포를 찾아가게 된다. 그곳에서 한 남자를 만났다. 마혼과 계약해 검은 문신으로 온몸이 뒤덮인, 히아신 아스를. “네 눈과 피를 담보로 하는 계약에 조건을 더하고 싶은데. 그러면 내가 너무 악랄해 보일까?” 바로 자신이 원하면 어디든, 누구든 무자비하게 죽여 달라는 것. 그녀는 안 된다는 것을 알면서도 홀린 듯 그의 손을 맞잡았다. 이후 운명의 장난처럼 두 사람은 같은 부대에서 마주치게 되고 그는 그녀의 앞에 불쑥불쑥 나타나기 시작하는데....... “하늘인 신의 손길 한 번 받겠다고 목매는 기분이 이런 거구나.” 그는 호기심으로 시작한 관계라 가볍게 여겼지만, 거부할 수 없는 손길에 취하고 나서야 깨달을 수 있었다. 저 반대쪽에 서 있는 여자가 제 삶을 송두리째 바꿔 놓았다는 걸. 그러니 사랑과 증오, 무엇도 가질 수 없다면, 그 없다는 사실이나마 제 것으로 만들고 싶다는 걸.",0.4718,0.2997,0.9059,0.6592
이물질은 나였다,568.3만,#로맨스판타지#라이벌/앙숙#로맨틱코미디#회귀물#신분차이#악녀#상처녀#후회녀#가족물,"성녀 후보였던 나는, 계략에 빠져 유일한 후원자였던 공작가를 몰락시키고 라이벌이었던 디아나를 독살하려 했다는 누명을 쓴 채 비참하게 죽게 된다. '무슨 삼류 소설 속 이물질도 아니고… 뭐 이렇게 멍청하고 어이없게 죽어?!' 라고 생각한 순간 깨닫는다. 진짜로 소설 속 이물질에 빙의했음을! *** 나, 벨제쓰. 5살. 기적처럼 어린 시절로 회귀하게 됐다! 이번 생은 개과천선해서 잘살아보기로 결심한다. 그 결과. 전생에서는 냉철하기만 하던 공작님이 자꾸 선물을 퍼주고, 나 때문에 개죽음당한 장남과 친해지고, 병으로 일찍 죽을 예정이었던 차남도 치유해 줬다. '좋았어! 이제 데드 플래그만 피하면 돼!' 그런데. 원작을 피하려 할수록 자꾸만 남주 후보들과 엮이게 되고… 천사처럼 착하다는 여주 디아나는 돌변해서 쎄하게만 구는데?! ""맥이 들리지 않습니다."" 설상가상 심장까지 없어졌단다. 젠장! 이러다가 또 악녀로 몰려 죽겠어! ""나는 심장이 없어… 나는 심장이 없어… 그래서 아픈 걸 느낄 리 없어…"" 는 개뿔! 제발 평탄하게 좀 살게 해달라고요, 여신인지 뭔지야!",0.8342,0.1712,0.4239,0.1984
S급 잡화점을 후원받았습니다,75.9만,#로맨스판타지#성장물#여주판타지#초월적존재#능글남#다정남#능력녀#외유내강#계약관계,"“익명의 후원자께서 정지아 씨를 후원하기로 결정하셨습니다.” ……라는 말에 속아 낡고 허름한 잡화점을 떠안게 되었다. 후원자가 내게 원하는 것은 단 하나, 아이템을 제작하고 판매해 잡화점을 키우는 것! “던전에 같이 들어가 줄게. 대신 내 의뢰를 수행해 줘.” “희원 길드로 오는 게 어떻습니까, 정지아 씨?” 그런데 S급 헌터들과 이렇게 깊게 엮이게 될 거라곤 안 했잖아요. 이 와중에 잡화점은 헌터계의 핫플레이스가 되고, 후원자는 계속해서 일을 던져주는데……. 내가 무슨 돈만 주면 일노예가 되는 줄 알아? “후원하겠다면서 일만 시키는 이 악덕 후원자! 딴 사람 찾…….” 「보상: 150G, 에픽 등급 아이템 제작 레시피(랜덤)」 “……지 말고 저한테 맡겨주세요!” “난 돈에 미쳐서 열심히 일하는 네가 정말 좋아.” “저도 돈 주는 후원자님이 너무 좋아요. 사랑해요.” 나는 후원자와 훈훈하게 악수를 나누며 생각했다. 자고로 돈 잘 주는 사람 중에 나쁜 사람은 없다.",0.1807,0.8167,0.708,0.7247
갓 아이돌 프로젝트 : 희망편,302만,#전문직#천재#노력#성장#착각#가수,"성대 기형으로 목소리를 잃은 음악 천재, 함이원. 인생에 다시 없을 인연을 만나 기적을 얻다. “내가 형의 목소리를 가지고 최고의 아이돌이 될게!” 그렇게 시작된 ‘갓 아이돌 프로젝트’ “완벽한 얼굴에 매력적인 보컬, 예쁜 춤선, 거기다 악기까지 다룬다고요?” 그런데 일이 잘 풀려도 너무 잘 풀린다?! 본인만 모르던 천재성이 세상에 드러나기 시작한다. ",0.6422,0.3241,0.8185,0.1322
진주언가 망나니,"1,312.9만",#퓨전#빙의#먼치킨#천재#정파#명문세가#망나니#검,"사령왕, 일인 군단, 명왕의 적자 - 이 모든 것들이 나를 부르는 이름이었다. 진주언가의 망나니, 언용운이 되기까지는. 하지만 할만했다. ""일어나라.“ 망나니가 되었어도, 내 능력은 여전히 그대로였으니까.",0.7687,0.5854,0.9161,0.2085
악역의 딸은 가출을 계획합니다,567만,#로맨스판타지#육아물#착각물#성장물#회귀물#다정남#왕족/귀족#집착남#능력녀#악녀#로맨틱코미디#힐링물,"악역의 딸이라는 이유로 사형당했다. ‘이놈들아, 난 아무것도 안 했다고!’ 억울해하며 눈을 뜨니 14년 전으로 돌아왔다. 아직 악역 가문의 보살핌이 필요한 나는 용돈을 모아 탈출하기로 계획했는데… “죽이면 끝나는 거 아닌가. 골치 아프게 협상을 왜….” “협상하는 아빠 조아.” “협상하도록 하지.” 무려 인생 2회차. 금수저가 탈출을 왜 해!? 아빠를 조련해 착한 사람으로 만들었다. 히히. 세상 사람들. 이제 우리 아빠 악역 아니거든요! *** “…아빠?” 동화책을 넘기는 아빠의 손에 미처 닦지 못한 혈흔이 묻어 있었다. “…아빠. …이거 피….” “아, 이거.” 쓱쓱- 평온한 얼굴로 손에 묻은 혈흔을 닦던 아빠가 자상하게 입꼬리를 올렸다. “케첩.” “분명 피….” “케첩.” “피….” 당황해하는 날 보던 아빠가 내 머리칼을 쓰다듬었다. 절대 악역일 수가 없는, 딸을 사랑하는 부드러운 손길로. “아빠가 빌리 꺼 샌드위치 만들어 주다가 묻었나 보다. 맛있게 먹었지, 내 딸?” “…우웅!” 아하, 샌드위치 만들다가 그런 거구나. 그럼 그럼! 우리 아빠는 이제 착해졌다구요!",0.3636,0.6266,0.0209,0.4696
검성의 게임,412.4만,#게임#레이드#검사#성장,"가상현실 게임이 대중화될 정도로 고도로 발달한 시대. 그리고 때를 잘못 만난 검의 천재 윤찬성. 비록 시대에 맞지는 않았지만, 찬성은 뼈를 깎는 고된 수련으로 당당히 한 사람의 검사로 인정을 받았다. 그러나 바로 그날, 불행한 사고로 인해 두 다리를 잃는데……. 인생의 전부를 검에 쏟았던 찬성. 빛나던 그는 빛을 잃고 식음을 전폐한 채 죽음만을 기다린다. 그때, 찬성에게 찾아온 두 번째 기회. ‘어나더 월드 아카이브’. “여기라면 다시 검을 휘두를 수 있다.” 이 시대 어디에서도 볼 수 없던 청정수 윤찬성. 그의 눈이 다시 희망으로 빛나기 시작한다!",0.0514,0.3373,0.2326,0.4837
무림최강 남궁세가 막내딸입니다,955만,#무협로판 #육아물 #회귀물 #가족부둥물 #힐링물 #착각계 #사실강한여주,"남궁세가의 모두가 나를 경멸했다. 형제들에게조차 외면받던 삶이었다. 그러나 세가가 멸문당하던 순간, 형제들이 택한 건… 가문이 아니라 나였다. “너를 단 한 번도 가족이 아니라 생각해 본 적 없다.” “살아. 치사하고 더럽더라도 살아, 아희.” 어째서 나를 살렸어? 그 의문을 평생 가슴에 품은 채 이뤄낸 복수. 그 끝에서 드디어 눈을 감나, 했더니. “빠아아아?” 시간을 되돌아와 버렸다! * 무공이면 무공, 돈이면 돈, 책략이면 책략. 빼어난 재능을 갖춘 형제들을 도와 이번에는 남궁세가를 지키기로 결심했다. 그런데 이상하다. “아희는 날 제일 좋아한다.” “무슨 소리. 가주 일밖에 모르는 너보다 날 더 좋아해.” 날 싫어한다 여겼던 언니와 오라버니들은 이제 날 두고 다투고, 내게 하나라도 더 주지 못해 안달이다. 그리고…… “기다려, 주인님. 제대로 된 사냥감을 물고 돌아올 테니. 쓸데없는 곳 얼쩡거리지 말고.” “뭐?” “시킨 일을 끝마치고 돌아왔는데 멍청한 것들이 당신 옆에 꼬여들어 있으면 내가 돌아 버릴 것 같거든.” …어쩐지 개를 자처하며 야살스레 웃는 위험한 수하도 하나 생겨 버린 것 같다?",0.8818,0.0703,0.8272,0.5374
이단 심문관이 되었습니다,21만,#로맨스판타지#가족후회물#여주판타지#후회남#능력녀#걸크러쉬,"플레이어 마음대로 캐릭터 배경을 설정할 수 있는 인공 지능 게임, ‘크로니클러’. 나쁜 놈 플레이를 하고 싶었던 나는 이단 심문관이라는 직업을 선택해 천덕꾸러기 취급받던 후작가 영애라는 배경 설정을 넣었다. 그런데… 내가 오체분시 당해서 죽었었다고? 내가 무슨 음모 때문에 집안에서 쫓겨났다고? 내가 쟬 좋아했다고…? 모르는 과거 설정이 튀어나오는 걸로도 모자라 자꾸 질척거리는 주변인들까지. “넌 원래 잔악한 이단 심문관 페일리스가 아니야. 내 유일한 딸. 이브나 라르비크란 말이다.” “이게 두 번째야, 이브. 이제 제대로 기억해 줘.” “……당신의 곁에 있게 해 주시겠습니까.” 하지만 내가 그들에게 해 줄 말은 한 가지밖에 없었다. ""이만 죽어라, 이단자야!"" 난 이단 심문관이라는 직업이 만족스러우니까!",0.6802,0.9531,0.0814,0.7335
"의원, 다시 살다",1.8억,#생존#빙의#천재#노력#성장#천마#정파#사파#마교#명문세가#의원#지존#협객#책사,"고아였지만 지독한 노력 끝에 외과 의사가 된 진천희. 그런 그가 자신이 읽던 소설속 무림 세계로 빙의 했다! ""그래도 내가 의사여서 다행이다. 여기서 의원 노릇 하면서 살면 되겠네."" 그렇게 안도하던 그의 앞에 나타난 것은 빈사 상태가 된 소설 속 세계의 주인공인 천마 여하륜. ""야, 살려준 은혜가 있으니 형이라 불러라."" 천마에게 형이라 불리며 강호제일신의가 되는 그의 일대기.",0.493,0.2794,0.0061,0.5483
회귀 후 마법 천재가 되었다,573.8만,#정통#복수#깽판#회귀#먼치킨#정령#시스템#천재#노력#성장#아티팩트#고인물#마법사#용병,"재능 없는 용병 마법사, 란델. 정체 불명의 유적에서 죽음을 앞둔 끝에 [널 살려 주마. 그 대가로 1만의 생명을―] “꺼져.” 퍼걱! 개소리하는 고대의 아티팩트를 부수고 30년 전으로 회귀하다. 그리고…… 마법의 캐스팅이 1초가 되었다.",0.0691,0.8462,0.7489,0.1947
원없이 성불시켜 드립니다!,56.3만,#여주투톱 #여주판타지 #걸크러시 #오컬트 #동양풍 #워맨스 #현대판타지 ,"""뱀이다!!"" 승천 당일, 고작 한 인간의 외침으로 용이 되지 못하고 추락하고 만 이무기 이서. 천 년의 수련이 물거품이 된 울분과 분노를 참지 못해 산천을 불태우고, 수많은 인간을 죽인 죄로 지하동굴에 갇히게 된다. 오백 년 뒤, 지하동굴에서 탈출한 이서에게 저승신이 건넨 한 가지 제안. “더도 말고 덜도 말고 네 분풀이로 애통하게 목숨을 잃은 이들의 수만큼 구제해 보아라. 그런다면 내 한시도 지체하지 않고 산산이 조각났던 네 여의주를 온전히 돌려주겠다.” 그 말과 함께 붙여준 사수는, 과거 이서의 승천을 방해한 인간의 후손이자 300년의 차사 경력을 자랑하는 무명. “이런 풋내기를 제 사수로 붙이시겠다는 겁니까? 어디까지 저를 욕보이셔야 만족하시겠습니까?” “오해가 있으신 것 같은데 저 또한 어르신의 사수가 되겠다는 제안에 동의한 적 없습니다.” “감히 핏덩이 계집이 어느 안전이라고 함부로 입을 놀리는 게냐!” 애송이 사수와 신입 어르신의 최악의 첫 만남. 인간이라면 일단 죽이네 마네 하는 꼰대 수습을 교육하는 건지, 수발드는 건지, 육아하는 건지 모를 무명은 무사히 이서를 승천시킬 수 있을까?",0.9377,0.6609,0.2312,0.6702
여주인데 원작을 망쳐버렸다,21.6만,#로맨스판타지#빙의물#순진남#직진녀#로맨틱코미디,"빙의했다. 여주로. 문제가 있다면…. “여자들이 모이면 접시가 깨진다니 알아서 조심하리라 믿어.” ‘아, 뉘예뉘예.’ 이 세계는 화끈한 19세 단편 로판이고 남주가 지독히도 개별로라는 것? 근데 얘가 황태자라 달리 대안이 없다는 것? 뭐… 그래도 다이아 수저를 물고 태어났으니 안락한 빙의 라이프나 즐기려는데, 믿을 수 없는 두 글자가 들린다. “…치맥.” …치, 뭐요? 알고 보니 이곳, 빙의자가 나만 있는 게 아니었다. 상단의 비선실세, 도피 자금을 모으는 가짜 공녀, 후회남 ×차를 피해 신전에 귀의한 사제, 역하렘 전개에서 도망친 하녀. 그런데 왜, 내 원작을 같이 비틀어 줄 말 잘 통하고 지위 높은 미남은 없는 거죠? 어쩔 수 없이 친구들이 원작을 비트는 거나 구경하며 내 원작도 시작되기를 기다리고 있었는데…. ‘빙의자 클럽’의 마지막 멤버를 찾기 위해 연 가장무도회. 취향을 잔뜩 버무려 놓은 남자가 등장하고 말았다! 흑발 적안의 냉미남에, 심지어는 덕질 메이트이기까지. “귀하. 저와 좀 더 이야기를 나누지 않으시겠어요?” “저야 애초에 레아 양이 궁금해서 온 겁니다만.” 안 먹어도 배부른 얼굴을 감상하며 신나게 수다나 떨 생각이었는데. 분명 그랬는데…. ‘tlqkf.’ 망했다. 아무리 그래도 내가 여주인데. 다른 남자랑 하룻밤을 보내면 안 되었던 것 아닐까요…?",0.2313,0.7557,0.5713,0.2946
이상적인 사별을 위한 지침,20.1만,#드라마#권선징악#로맨스판타지#역하렘#복수물#회귀물#순정남#계략녀#무심남#무심녀#후회남#까칠남#냉정남,"남편이 죽었다. 어차피 사랑 없는 결혼이니 슬픔 따윈 없었다. 하지만 그의 죽음이 내 모든 것을 앗아간 이상, 되돌려야만 했다. 긴 시간 인내가 답이라고 여기고 살아 왔으나 더는 참지 않겠다. 탐욕에 눈이 멀어 자식을 버린 두 가문에게 복수하고, 온당하게 누려야 할 모든 것들을 누릴 것이다. ‘내 손에 없다면 쟁취하면 그만인 것을.’ 그녀는 이번 생, 복수를 위한 약탈자가 되기로 결심했다. *** 모든 건 목표를 향한 계획의 일환에 불과했다. 그 과정에 사랑은 불필요하다고 여겼다. 그런데……. “당장에 네 허리를 끌어안고 입 맞추고 싶어 돌아버릴 것 같아.” “…….” “인정하지. 네가 이겼다, 시실리아.” “…….” “그러니 승자답게 전리품을 취해.” 씨근덕거리는 숨소리. 거친 말투. 붉게 상기된 뺨. 모든 게 전과 달랐다. ‘내게 그토록 무심했으면서, 대체 왜 지금 이러는 건데?’",0.0833,0.9078,0.345,0.302
이상적인 사별을 위한 지침,20.1만,#드라마#권선징악#로맨스판타지#역하렘#복수물#회귀물#순정남#계략녀#무심남#무심녀#후회남#까칠남#냉정남,"남편이 죽었다. 어차피 사랑 없는 결혼이니 슬픔 따윈 없었다. 하지만 그의 죽음이 내 모든 것을 앗아간 이상, 되돌려야만 했다. 긴 시간 인내가 답이라고 여기고 살아 왔으나 더는 참지 않겠다. 탐욕에 눈이 멀어 자식을 버린 두 가문에게 복수하고, 온당하게 누려야 할 모든 것들을 누릴 것이다. ‘내 손에 없다면 쟁취하면 그만인 것을.’ 그녀는 이번 생, 복수를 위한 약탈자가 되기로 결심했다. *** 모든 건 목표를 향한 계획의 일환에 불과했다. 그 과정에 사랑은 불필요하다고 여겼다. 그런데……. “당장에 네 허리를 끌어안고 입 맞추고 싶어 돌아버릴 것 같아.” “…….” “인정하지. 네가 이겼다, 시실리아.” “…….” “그러니 승자답게 전리품을 취해.” 씨근덕거리는 숨소리. 거친 말투. 붉게 상기된 뺨. 모든 게 전과 달랐다. ‘내게 그토록 무심했으면서, 대체 왜 지금 이러는 건데?’",0.831,0.8261,0.8212,0.0041
망캐로운 마법소녀입니다,1.5만,#성장물#짝사랑#차도남#능력남#짝사랑남#엉뚱발랄녀#걸크러쉬#짝사랑녀#소꿉친구#쌍방삽질#드라마,"게임의 ㄱ자도 모르며 일반인으로 살았다. 그런데 하필 호기심에 계정 생성했던 그날, 세상이 게임 시스템처럼 돌아가기 시작했다. 그리고 내가 잡은 캐가 유서 깊은 망캐 마법소녀란다. 대체 누가 이딴 게임을 만들어서 현실에 시스템 패치를 했나 봤더니, 우리 오빠였다. 그리고 그놈은 사태 수습도 안하고 잠적했다. 오빠를 잡아내서 원래의 아름다운 일상으로 돌아가고 싶다! 갑자기 튀어나오는 돌발 퀘스트에서도 죽지 않고 싶다! 이런 창피한 옷을 입고 죽을 순 없어! 그렇지만……. “혹시 마** 코스어 세요?” “언니 마법 프린세스에요?” 아뇨, 저도 플레이어인데요. “마법소녀? 진짜? 그 망캐?” “그건… 흙수저도 아니고 똥수저인데?” 뭐 임마? [/액티브/마법소녀의 감성 (Lv 1) 러블리한 감성을 발휘해 사악한 악당을 귀엽고 사랑스럽게 꾸며준다. (대상에게 3%의 확률로 디버프를 랜덤으로 부여한다.)] 아…… 미친. 똥수저 맞는 것 같다. 어떡하지? 나 살 수 있나? 띠링! [/master code/확률 조정에 들어갑니다.] 어라, 어쩐지 살 수 있을 것 같다는 느낌이 든다……?",0.2745,0.0226,0.9334,0.2485
배드엔딩 루트에서 너희를 살릴게,14.6만,#로맨스판타지#빙의물#역하렘#카리스마남#츤데레남#능력남#사이다남#계략남#조신남#능력녀#외유내강#계략녀#사이다녀#다정녀#친구>연인,"가장 좋아하는 게임 속 최약체 캐릭터 ‘아이란’에 빙의했다. 그것도 1년 뒤 흑막 때문에 전쟁이 일어나 아카데미의 모든 학생이 강제 참전하는 스토리의 게임에. 2000시간 플레이 기록을 보유한 고인물인 나는 선택했다. 최단 루트로 게임을 공략해 전쟁이 일어나기 전에 아카데미를 졸업하기로. 근데 문제가 생겼다. “넌 왜 나에 대해서 그렇게 열정적이니? 내 페이지 자리라도 탐나?” 아카데미의 얼음 여왕님 프레아. “아이란, 좀 더 같이 걸어 주지 않을래? 함께 걸으니까 마음이 편해져.” 그녀가 나를 소중히 여기기 시작하고. “아, 가, 감사합니다. 아이란 선배.” 아카데미 내 유일한 빛 속성 마법사 로웬. “제 목숨을 마음대로 쓰셔도 좋아요, 아가씨.” 그에게 특별한 호의를 받고. “도, 동정 같은 거 필요 없어…… 어차피 또 놀리려고 온 거잖아! 방, 방해하지 말고 저리 가…….” 이 게임의 최악 공략 난이도로 날 극도로 경계하던 데미안. “……널 믿을게. 내 파트너가 되어 줘서 고마워.” 그가 내게 마음을 열고. “뻔뻔한 데다가…… 계산적이군. 그렇게 순진한 얼굴을 하고서 말이야.” 한마디 한마디가 서늘하다 못해 날카로워 칼날 혀로 불리는 아론. “왜 여기에 혼자 있지? 무슨 생각으로 이 거리로 혼자 들어온 거야? 여기가 어떤 거리인지 아는 거야? 그리고 지금 시간이…….” 그가 날 걱정한다. 곧 등장할 플레이어의 동료가 되어 전쟁을 승리로 이끌어야 할 네 명. 최약체 캐릭터 그 자체라, 배드엔딩 루트 전문가로 불리는 나는 계속 이들과 함께할 수 없다. 그런데 곧 이별해야 할 이들과 너무 과하게 친해져 버린 것 같다.",0.2334,0.4034,0.4434,0.5699
SSS급 회귀자는 양심도 없습니다,107.4만,#먼치킨#회귀물#복수물#여주판타지#첫사랑#다정남#능력남#능력녀#걸크러쉬#사이다녀#친구>연인#소꿉친구#드라마,"오로지 복수만을 위해 살았던 삶. 그 끝이 실패와 죽음이라 하더라도 여한은 없었다. 놈들에게 덤벼보기라도 했으니까. 그랬는데……. [‘시월 발천의 새벽’ 파편이 당신의 힘에 반응합니다.] [‘시월 발천의 새벽’ 파편이 당신을 선택합니다.] 띠링! . . . [회귀합니다.] …갑자기? [스킬 : 톱니 바퀴의 유희(SSS)] 아니 진짜 갑자기?! * -앞으로 이 몸을 ‘시월 발천의 새벽 님’이라고 부르거라. 내 친히 너에게 존재격을 허락해 줄 테니. “긴데요. 줄여서 시x새 어때요.” -이노무 기지배가! 위엄은 다소 떨어지지만 그가 내게 준 것은 본 적도 없는 SSS등급의 히든스킬이었다. 이제는 정말 복수를 할 수 있다. 다시 한번 복수만을 위해 나아가야지. 그렇게 생각했는데…. [태유진] [지금 어디야.] [안전한 데 있어.] 부재중 통화 7건 소꿉친구가 갑자기 과보호를 하고, “오랜 시간 당신을 기다렸어요. 당신이 상상하지 못하는 정말 긴 시간 동안.” 회귀 전에는 접점도 없던 싸이코패스 헌터가 달라붙고, “제가 아직도 어린애로 보이세요?” 기껏 살려놓은 아기 흑염룡은 각인이 제대로 된 모양이다. 이거 어떡하지. ",0.39114,0.1554,0.21736,0.55339
